-- =========================================================

INSERT INTO users (id, name, email, password_hash, role, created_at, must_change_password) VALUES
('u200-0001-0001-0001-000000000001', 'Admin General', 'admin@tienda.com', '$2y$10$abcdefghijklmnopqrstuv', 'ADMIN', NOW(), 0),
('u200-0001-0001-0001-000000000002', 'Cajero Principal', 'cajero1@tienda.com', '$2y$10$abcdefghijklmnopqrstuv', 'CASHIER', NOW(), 0),
('u200-0001-0001-0001-000000000003', 'Vendedor Luis', 'luis@tienda.com', '$2y$10$abcdefghijklmnopqrstuv', 'SELLER', NOW(), 1),
('u200-0001-0001-0001-000000000004', 'Supervisor Carlos', 'carlos@tienda.com', '$2y$10$abcdefghijklmnopqrstuv', 'SUPERVISOR', NOW(), 0),
('u200-0001-0001-0001-000000000005', 'Cajero Andrea', 'andrea@tienda.com', '$2y$10$abcdefghijklmnopqrstuv', 'CASHIER', NOW(), 0),
('u200-0001-0001-0001-000000000006', 'Vendedor Miguel', 'miguel@tienda.com', '$2y$10$abcdefghijklmnopqrstuv', 'SELLER', NOW(), 0),
('u200-0001-0001-0001-000000000007', 'Inventario Laura', 'laura@tienda.com', '$2y$10$abcdefghijklmnopqrstuv', 'INVENTORY', NOW(), 0),
('u200-0001-0001-0001-000000000008', 'Gerente Diego', 'diego@tienda.com', '$2y$10$abcdefghijklmnopqrstuv', 'ADMIN', NOW(), 0),
('u200-0001-0001-0001-000000000009', 'Cajero Sofía', 'sofia@tienda.com', '$2y$10$abcdefghijklmnopqrstuv', 'CASHIER', NOW(), 1),
('u200-0001-0001-0001-000000000010', 'Vendedor Pablo', 'pablo@tienda.com', '$2y$10$abcdefghijklmnopqrstuv', 'SELLER', NOW(), 0),
('u200-0001-0001-0001-000000000011', 'Cajero Ana', 'ana2@tienda.com', '$2y$10$abcdefghijklmnopqrstuv', 'CASHIER', NOW(), 0),
('u200-0001-0001-0001-000000000012', 'Vendedora Lucía', 'lucia@tienda.com', '$2y$10$abcdefghijklmnopqrstuv', 'SELLER', NOW(), 0),
('u200-0001-0001-0001-000000000013', 'Soporte Técnico', 'soporte@tienda.com', '$2y$10$abcdefghijklmnopqrstuv', 'SUPPORT', NOW(), 0),
('u200-0001-0001-0001-000000000014', 'Cajero Fernando', 'fernando@tienda.com', '$2y$10$abcdefghijklmnopqrstuv', 'CASHIER', NOW(), 0),
('u200-0001-0001-0001-000000000015', 'Vendedor Ricardo', 'ricardo@tienda.com', '$2y$10$abcdefghijklmnopqrstuv', 'SELLER', NOW(), 0),
('u200-0001-0001-0001-000000000016', 'Cajero Mariana', 'mariana@tienda.com', '$2y$10$abcdefghijklmnopqrstuv', 'CASHIER', NOW(), 0),
('u200-0001-0001-0001-000000000017', 'Vendedor Sergio', 'sergio@tienda.com', '$2y$10$abcdefghijklmnopqrstuv', 'SELLER', NOW(), 0),
('u200-0001-0001-0001-000000000018', 'Auditor', 'auditor@tienda.com', '$2y$10$abcdefghijklmnopqrstuv', 'ADMIN', NOW(), 0),
('u200-0001-0001-0001-000000000019', 'Cajero Valeria', 'valeria@tienda.com', '$2y$10$abcdefghijklmnopqrstuv', 'CASHIER', NOW(), 0),
('u200-0001-0001-0001-000000000020', 'Vendedora Camila', 'camila@tienda.com', '$2y$10$abcdefghijklmnopqrstuv', 'SELLER', NOW(), 0),
('u200-0001-0001-0001-000000000021', 'Cajero Daniel', 'daniel@tienda.com', '$2y$10$abcdefghijklmnopqrstuv', 'CASHIER', NOW(), 0),
('u200-0001-0001-0001-000000000022', 'Vendedor Andrés', 'andres@tienda.com', '$2y$10$abcdefghijklmnopqrstuv', 'SELLER', NOW(), 0),
('u200-0001-0001-0001-000000000023', 'Cajero Paula', 'paula@tienda.com', '$2y$10$abcdefghijklmnopqrstuv', 'CASHIER', NOW(), 0),
('u200-0001-0001-0001-000000000024', 'Vendedor Javier', 'javier@tienda.com', '$2y$10$abcdefghijklmnopqrstuv', 'SELLER', NOW(), 0),
('u200-0001-0001-0001-000000000025', 'Cajero Natalia', 'natalia@tienda.com', '$2y$10$abcdefghijklmnopqrstuv', 'CASHIER', NOW(), 0),
('u200-0001-0001-0001-000000000026', 'Vendedor Mauricio', 'mauricio@tienda.com', '$2y$10$abcdefghijklmnopqrstuv', 'SELLER', NOW(), 0),
('u200-0001-0001-0001-000000000027', 'Cajero Raúl', 'raul@tienda.com', '$2y$10$abcdefghijklmnopqrstuv', 'CASHIER', NOW(), 0),
('u200-0001-0001-0001-000000000028', 'Vendedora Patricia', 'patricia@tienda.com', '$2y$10$abcdefghijklmnopqrstuv', 'SELLER', NOW(), 0),
('u200-0001-0001-0001-000000000029', 'Cajero Esteban', 'esteban@tienda.com', '$2y$10$abcdefghijklmnopqrstuv', 'CASHIER', NOW(), 0),
('u200-0001-0001-0001-000000000030', 'Vendedor Gabriel', 'gabriel@tienda.com', '$2y$10$abcdefghijklmnopqrstuv', 'SELLER', NOW(), 0),
('u200-0001-0001-0001-000000000031', 'Cajero Jimena', 'jimena@tienda.com', '$2y$10$abcdefghijklmnopqrstuv', 'CASHIER', NOW(), 0),
('u200-0001-0001-0001-000000000032', 'Vendedor Federico', 'federico@tienda.com', '$2y$10$abcdefghijklmnopqrstuv', 'SELLER', NOW(), 0),
('u200-0001-0001-0001-000000000033', 'Cajero Lorena', 'lorena@tienda.com', '$2y$10$abcdefghijklmnopqrstuv', 'CASHIER', NOW(), 0),
('u200-0001-0001-0001-000000000034', 'Vendedor Hugo', 'hugo@tienda.com', '$2y$10$abcdefghijklmnopqrstuv', 'SELLER', NOW(), 0),
('u200-0001-0001-0001-000000000035', 'Cajero Beatriz', 'beatriz@tienda.com', '$2y$10$abcdefghijklmnopqrstuv', 'CASHIER', NOW(), 0);

INSERT INTO products (id, brand, model, cpu, ram_gb, storage, `condition`, purchase_price, sale_price, stock, notes, active, created_at, updated_at, name, category, sku, barcode, unit, min_stock, status, location) VALUES
('p200-0001-0001-0001-000000000001', 'Dell', 'Latitude 3420', 'Intel i5-1135G7', 8, '256GB SSD', 'Nuevo', 500000, 750000, 12, 'Laptop oficina', 1, NOW(), NOW(), 'Laptop Dell Latitude 3420', 'Laptops', 'DELL-3420', '1111111111111', 'UND', 2, 'ACTIVE', 'A1'),
('p200-0001-0001-0001-000000000002', 'Dell', 'Latitude 3520', 'Intel i7-1165G7', 16, '512GB SSD', 'Nuevo', 800000, 1150000, 8, 'Alto rendimiento', 1, NOW(), NOW(), 'Laptop Dell Latitude 3520', 'Laptops', 'DELL-3520', '1111111111112', 'UND', 1, 'ACTIVE', 'A2'),
('p200-0001-0001-0001-000000000003', 'HP', 'Pavilion 15', 'AMD Ryzen 5 5500U', 8, '256GB SSD', 'Nuevo', 600000, 850000, 10, 'Gama media', 1, NOW(), NOW(), 'Laptop HP Pavilion 15', 'Laptops', 'HP-PAV15', '1111111111113', 'UND', 2, 'ACTIVE', 'A3'),
('p200-0001-0001-0001-000000000004', 'HP', 'Envy x360', 'AMD Ryzen 7 5700U', 16, '512GB SSD', 'Nuevo', 950000, 1350000, 5, 'Convertible', 1, NOW(), NOW(), 'Laptop HP Envy x360', 'Laptops', 'HP-ENVY', '1111111111114', 'UND', 1, 'ACTIVE', 'A4'),
('p200-0001-0001-0001-000000000005', 'Lenovo', 'ThinkPad E14', 'Intel i5-1135G7', 8, '256GB SSD', 'Nuevo', 550000, 790000, 7, 'Empresarial', 1, NOW(), NOW(), 'Laptop Lenovo ThinkPad E14', 'Laptops', 'LEN-TP14', '1111111111115', 'UND', 2, 'ACTIVE', 'A5'),
('p200-0001-0001-0001-000000000006', 'Lenovo', 'IdeaPad 3', 'AMD Ryzen 3 5300U', 4, '128GB SSD', 'Nuevo', 400000, 580000, 15, 'Económica', 1, NOW(), NOW(), 'Laptop Lenovo IdeaPad 3', 'Laptops', 'LEN-ID3', '1111111111116', 'UND', 3, 'ACTIVE', 'A6'),
('p200-0001-0001-0001-000000000007', 'Apple', 'MacBook Air', 'Apple M1', 8, '256GB SSD', 'Nuevo', 1200000, 1650000, 4, 'Ultrabook', 1, NOW(), NOW(), 'MacBook Air M1', 'Laptops', 'AAPL-MBA', '1111111111117', 'UND', 1, 'ACTIVE', 'A7'),
('p200-0001-0001-0001-000000000008', 'Apple', 'MacBook Pro 13', 'Apple M2', 8, '512GB SSD', 'Nuevo', 1600000, 2150000, 3, 'Profesional', 1, NOW(), NOW(), 'MacBook Pro 13 M2', 'Laptops', 'AAPL-MBP13', '1111111111118', 'UND', 1, 'ACTIVE', 'A8'),
('p200-0001-0001-0001-000000000009', 'Asus', 'ZenBook 14', 'Intel i7-1165G7', 16, '512GB SSD', 'Nuevo', 1100000, 1550000, 6, 'Premium', 1, NOW(), NOW(), 'Asus ZenBook 14', 'Laptops', 'ASUS-ZEN', '1111111111119', 'UND', 1, 'ACTIVE', 'A9'),
('p200-0001-0001-0001-000000000010', 'Acer', 'Aspire 5', 'Intel i5-1135G7', 8, '256GB SSD', 'Nuevo', 480000, 720000, 9, 'Básica', 1, NOW(), NOW(), 'Acer Aspire 5', 'Laptops', 'ACER-ASP5', '1111111111120', 'UND', 2, 'ACTIVE', 'A10'),
('p200-0001-0001-0001-000000000011', 'LG', '24MP400', NULL, NULL, NULL, 'Nuevo', 250000, 380000, 20, 'Monitor 24 pulgadas', 1, NOW(), NOW(), 'Monitor LG 24"', 'Monitores', 'LG-24MP', '2222222222221', 'UND', 3, 'ACTIVE', 'B1'),
('p200-0001-0001-0001-000000000012', 'Samsung', 'T350', NULL, NULL, NULL, 'Nuevo', 220000, 340000, 18, 'Monitor 24"', 1, NOW(), NOW(), 'Monitor Samsung 24"', 'Monitores', 'SAM-T350', '2222222222222', 'UND', 3, 'ACTIVE', 'B2'),
('p200-0001-0001-0001-000000000013', 'Dell', 'P2422H', NULL, NULL, NULL, 'Nuevo', 450000, 620000, 12, 'Monitor profesional', 1, NOW(), NOW(), 'Monitor Dell P2422H', 'Monitores', 'DELL-P24', '2222222222223', 'UND', 2, 'ACTIVE', 'B3'),
('p200-0001-0001-0001-000000000014', 'HP', 'V24i', NULL, NULL, NULL, 'Nuevo', 200000, 310000, 25, 'Monitor básico', 1, NOW(), NOW(), 'Monitor HP V24i', 'Monitores', 'HP-V24', '2222222222224', 'UND', 4, 'ACTIVE', 'B4'),
('p200-0001-0001-0001-000000000015', 'Logitech', 'MK235', NULL, NULL, NULL, 'Nuevo', 60000, 95000, 30, 'Teclado+mouse', 1, NOW(), NOW(), 'Kit Logitech MK235', 'Accesorios', 'LOG-MK235', '3333333333331', 'UND', 5, 'ACTIVE', 'C1'),
('p200-0001-0001-0001-000000000016', 'Logitech', 'MX Master 3', NULL, NULL, NULL, 'Nuevo', 80000, 125000, 15, 'Mouse premium', 1, NOW(), NOW(), 'Mouse Logitech MX Master 3', 'Accesorios', 'LOG-MX3', '3333333333332', 'UND', 2, 'ACTIVE', 'C2'),
('p200-0001-0001-0001-000000000017', 'Logitech', 'G203', NULL, NULL, NULL, 'Nuevo', 35000, 55000, 40, 'Mouse gamer', 1, NOW(), NOW(), 'Mouse Logitech G203', 'Accesorios', 'LOG-G203', '3333333333333', 'UND', 5, 'ACTIVE', 'C3'),
('p200-0001-0001-0001-000000000018', 'Redragon', 'K552', NULL, NULL, NULL, 'Nuevo', 70000, 110000, 22, 'Teclado mecánico', 1, NOW(), NOW(), 'Teclado Redragon K552', 'Accesorios', 'RED-K552', '3333333333334', 'UND', 3, 'ACTIVE', 'C4'),
('p200-0001-0001-0001-000000000019', 'Microsoft', 'Surface Keyboard', NULL, NULL, NULL, 'Nuevo', 120000, 180000, 8, 'Teclado fino', 1, NOW(), NOW(), 'Teclado Microsoft Surface', 'Accesorios', 'MS-SURFKB', '3333333333335', 'UND', 1, 'ACTIVE', 'C5'),
('p200-0001-0001-0001-000000000020', 'WD', 'Elements 1TB', NULL, NULL, '1TB HDD', 'Nuevo', 150000, 210000, 35, 'Disco externo', 1, NOW(), NOW(), 'Disco WD Elements 1TB', 'Almacenamiento', 'WD-1TB', '4444444444441', 'UND', 5, 'ACTIVE', 'D1'),
('p200-0001-0001-0001-000000000021', 'Seagate', 'Expansion 2TB', NULL, NULL, '2TB HDD', 'Nuevo', 220000, 310000, 28, 'Disco externo', 1, NOW(), NOW(), 'Seagate Expansion 2TB', 'Almacenamiento', 'SEA-2TB', '4444444444442', 'UND', 4, 'ACTIVE', 'D2'),
('p200-0001-0001-0001-000000000022', 'Samsung', 'T7 500GB', NULL, NULL, '500GB SSD', 'Nuevo', 280000, 390000, 12, 'SSD portátil', 1, NOW(), NOW(), 'SSD Samsung T7 500GB', 'Almacenamiento', 'SAM-T7-500', '4444444444443', 'UND', 2, 'ACTIVE', 'D3'),
('p200-0001-0001-0001-000000000023', 'Kingston', 'A2000 1TB', NULL, NULL, '1TB SSD', 'Nuevo', 350000, 480000, 18, 'SSD interno', 1, NOW(), NOW(), 'Kingston SSD A2000 1TB', 'Almacenamiento', 'KING-A2000', '4444444444444', 'UND', 3, 'ACTIVE', 'D4'),
('p200-0001-0001-0001-000000000024', 'Kingston', 'DDR4 8GB', NULL, 8, NULL, 'Nuevo', 60000, 95000, 50, 'Memoria RAM', 1, NOW(), NOW(), 'RAM Kingston 8GB DDR4', 'Componentes', 'RAM-8GB', '5555555555551', 'UND', 10, 'ACTIVE', 'E1'),
('p200-0001-0001-0001-000000000025', 'Corsair', 'DDR4 16GB', NULL, 16, NULL, 'Nuevo', 120000, 175000, 30, 'RAM RGB', 1, NOW(), NOW(), 'RAM Corsair 16GB DDR4', 'Componentes', 'RAM-16GB', '5555555555552', 'UND', 5, 'ACTIVE', 'E2'),
('p200-0001-0001-0001-000000000026', 'HyperX', 'DDR4 32GB', NULL, 32, NULL, 'Nuevo', 240000, 340000, 15, 'RAM RGB', 1, NOW(), NOW(), 'RAM HyperX 32GB DDR4', 'Componentes', 'RAM-32GB', '5555555555553', 'UND', 2, 'ACTIVE', 'E3'),
('p200-0001-0001-0001-000000000027', 'HP', 'LaserJet M110w', NULL, NULL, NULL, 'Nuevo', 350000, 490000, 7, 'Impresora láser', 1, NOW(), NOW(), 'Impresora HP LaserJet M110w', 'Impresoras', 'HP-M110', '6666666666661', 'UND', 1, 'ACTIVE', 'F1'),
('p200-0001-0001-0001-000000000028', 'Epson', 'L3150', NULL, NULL, NULL, 'Nuevo', 550000, 720000, 9, 'Multifuncional', 1, NOW(), NOW(), 'Impresora Epson EcoTank L3150', 'Impresoras', 'EPS-L3150', '6666666666662', 'UND', 1, 'ACTIVE', 'F2'),
('p200-0001-0001-0001-000000000029', 'Canon', 'Pixma G3110', NULL, NULL, NULL, 'Nuevo', 480000, 650000, 5, 'Sistema continuo', 1, NOW(), NOW(), 'Impresora Canon Pixma G3110', 'Impresoras', 'CAN-PIXMA', '6666666666663', 'UND', 1, 'ACTIVE', 'F3'),
('p200-0001-0001-0001-000000000030', 'Logitech', 'C270', NULL, NULL, NULL, 'Nuevo', 80000, 120000, 25, 'Webcam HD', 1, NOW(), NOW(), 'Webcam Logitech C270', 'Periféricos', 'LOG-C270', '7777777777771', 'UND', 4, 'ACTIVE', 'G1'),
('p200-0001-0001-0001-000000000031', 'Microsoft', 'LifeCam HD-3000', NULL, NULL, NULL, 'Nuevo', 75000, 115000, 18, 'Webcam', 1, NOW(), NOW(), 'Webcam Microsoft LifeCam', 'Periféricos', 'MS-LIFECAM', '7777777777772', 'UND', 3, 'ACTIVE', 'G2'),
('p200-0001-0001-0001-000000000032', 'Logitech', 'H111', NULL, NULL, NULL, 'Nuevo', 30000, 45000, 40, 'Audífonos', 1, NOW(), NOW(), 'Audífonos Logitech H111', 'Audio', 'LOG-H111', '8888888888881', 'UND', 8, 'ACTIVE', 'H1'),
('p200-0001-0001-0001-000000000033', 'JBL', 'Tune 500', NULL, NULL, NULL, 'Nuevo', 90000, 135000, 22, 'Audífonos diadema', 1, NOW(), NOW(), 'Audífonos JBL Tune 500', 'Audio', 'JBL-T500', '8888888888882', 'UND', 3, 'ACTIVE', 'H2'),
('p200-0001-0001-0001-000000000034', 'Sony', 'MDR-ZX110', NULL, NULL, NULL, 'Nuevo', 50000, 78000, 35, 'Audífonos básicos', 1, NOW(), NOW(), 'Audífonos Sony MDR-ZX110', 'Audio', 'SONY-ZX110', '8888888888883', 'UND', 5, 'ACTIVE', 'H3'),
('p200-0001-0001-0001-000000000035', 'Generic', 'Cargador USB-C', NULL, NULL, NULL, 'Nuevo', 20000, 35000, 60, 'Cargador 20W', 1, NOW(), NOW(), 'Cargador USB-C 20W', 'Accesorios', 'GEN-USBC', '9999999999991', 'UND', 10, 'ACTIVE', 'I1'),
('p200-0001-0001-0001-000000000036', 'Generic', 'Cable HDMI 1.5m', NULL, NULL, NULL, 'Nuevo', 8000, 15000, 100, 'Cable HDMI', 1, NOW(), NOW(), 'Cable HDMI 1.5m', 'Cables', 'GEN-HDMI', '9999999999992', 'UND', 20, 'ACTIVE', 'I2'),
('p200-0001-0001-0001-000000000037', 'Anker', 'Power Bank 10000mAh', NULL, NULL, NULL, 'Nuevo', 70000, 105000, 25, 'Carga rápida', 1, NOW(), NOW(), 'Power Bank Anker 10000mAh', 'Accesorios', 'ANK-PB10', '9999999999993', 'UND', 5, 'ACTIVE', 'I3'),
('p200-0001-0001-0001-000000000038', 'MSI', 'Modern 14', 'Intel i5-1135G7', 8, '512GB SSD', 'Nuevo', 700000, 990000, 6, 'Ligera', 1, NOW(), NOW(), 'Laptop MSI Modern 14', 'Laptops', 'MSI-MOD14', '1111111111121', 'UND', 1, 'ACTIVE', 'A11'),
('p200-0001-0001-0001-000000000039', 'Huawei', 'MateBook D14', 'AMD Ryzen 5 5500U', 8, '256GB SSD', 'Nuevo', 650000, 920000, 5, 'Diseño elegante', 1, NOW(), NOW(), 'Laptop Huawei MateBook D14', 'Laptops', 'HUA-D14', '1111111111122', 'UND', 1, 'ACTIVE', 'A12'),
('p200-0001-0001-0001-000000000040', 'Xiaomi', 'Mi Notebook', 'Intel i5-10210U', 8, '256GB SSD', 'Nuevo', 620000, 880000, 4, 'Buena relación precio', 1, NOW(), NOW(), 'Laptop Xiaomi Mi Notebook', 'Laptops', 'XIA-MI', '1111111111123', 'UND', 1, 'ACTIVE', 'A13'),
('p200-0001-0001-0001-000000000041', 'Samsung', 'Galaxy Tab A8', NULL, 4, '64GB', 'Nuevo', 300000, 450000, 12, 'Tablet', 1, NOW(), NOW(), 'Tablet Samsung Galaxy Tab A8', 'Tablets', 'SAM-TABA8', '1010101010101', 'UND', 2, 'ACTIVE', 'J1'),
('p200-0001-0001-0001-000000000042', 'Apple', 'iPad 9th Gen', NULL, 3, '64GB', 'Nuevo', 750000, 1050000, 8, 'iPad', 1, NOW(), NOW(), 'iPad 9na Generación', 'Tablets', 'AAPL-IPAD9', '1010101010102', 'UND', 1, 'ACTIVE', 'J2'),
('p200-0001-0001-0001-000000000043', 'Lenovo', 'Tab M10', NULL, 2, '32GB', 'Nuevo', 180000, 260000, 15, 'Tablet económica', 1, NOW(), NOW(), 'Tablet Lenovo Tab M10', 'Tablets', 'LEN-TABM10', '1010101010103', 'UND', 3, 'ACTIVE', 'J3'),
('p200-0001-0001-0001-000000000044', 'Epson', 'EB-X05', NULL, NULL, NULL, 'Nuevo', 500000, 720000, 3, 'Proyector', 1, NOW(), NOW(), 'Proyector Epson EB-X05', 'Proyectores', 'EPS-X05', '1212121212121', 'UND', 1, 'ACTIVE', 'K1'),
('p200-0001-0001-0001-000000000045', 'ViewSonic', 'PA503S', NULL, NULL, NULL, 'Nuevo', 450000, 650000, 2, 'Proyector educativo', 1, NOW(), NOW(), 'Proyector ViewSonic PA503S', 'Proyectores', 'VIEW-PA503', '1212121212122', 'UND', 0, 'ACTIVE', 'K2');

INSERT INTO suppliers (id, name, contact_name, phone, email, address, notes, active, created_at, updated_at) VALUES
('s200-0001-0001-0001-000000000001', 'Distribuidora TECNO', 'Juan Pérez', '3111111111', 'ventas@tecno.com', 'Cra 1 #2-3, Bogotá', 'Principal', 1, NOW(), NOW()),
('s200-0001-0001-0001-000000000002', 'Importadora GLOBAL', 'María López', '3222222222', 'maria@global.com', 'Calle 5 #6-7, Medellín', '', 1, NOW(), NOW()),
('s200-0001-0001-0001-000000000003', 'Proveedores UNO', 'Carlos Ruiz', '3333333333', 'carlos@uno.com', 'Av 10 #20-30, Cali', '', 1, NOW(), NOW()),
('s200-0001-0001-0001-000000000004', 'Electrónicos SAS', 'Ana Gómez', '3444444444', 'ana@electro.com', 'Diagonal 8 #9-10, Barranquilla', 'Descuentos por volumen', 1, NOW(), NOW()),
('s200-0001-0001-0001-000000000005', 'Computadoras y Más', 'Luis Fernández', '3555555555', 'luis@computadoras.com', 'Transversal 12 #34-56, Bucaramanga', '', 1, NOW(), NOW()),
('s200-0001-0001-0001-000000000006', 'TecnoAccesorios', 'Sofía Martínez', '3666666666', 'sofia@tecnoacce.com', 'Carrera 15 #23-45, Cartagena', 'Accesorios', 1, NOW(), NOW()),
('s200-0001-0001-0001-000000000007', 'Almacenamiento Total', 'Diego Rodríguez', '3777777777', 'diego@almacen.com', 'Calle 70 #8-12, Pereira', 'Discos y SSDs', 1, NOW(), NOW()),
('s200-0001-0001-0001-000000000008', 'Componentes PC', 'Laura Sánchez', '3888888888', 'laura@componentes.com', 'Av 19 #45-67, Cúcuta', '', 1, NOW(), NOW()),
('s200-0001-0001-0001-000000000009', 'Monitores Express', 'Andrés Torres', '3999999999', 'andres@monitores.com', 'Cra 50 #12-34, Ibagué', 'Especialistas', 1, NOW(), NOW()),
('s200-0001-0001-0001-000000000010', 'Impresoras y Más', 'Valeria Castro', '3100000000', 'valeria@impresoras.com', 'Calle 100 #20-30, Bogotá', '', 1, NOW(), NOW()),
('s200-0001-0001-0001-000000000011', 'Soluciones Tecnológicas', 'Miguel Herrera', '3111111112', 'miguel@soltec.com', 'Cra 22 #33-44, Medellín', '', 1, NOW(), NOW()),
('s200-0001-0001-0001-000000000012', 'Redes y Comunicaciones', 'Elena Ortiz', '3222222223', 'elena@redes.com', 'Calle 45 #67-89, Cali', '', 1, NOW(), NOW()),
('s200-0001-0001-0001-000000000013', 'Proveeduría Digital', 'Pablo Núñez', '3333333334', 'pablo@digital.com', 'Av 3 #4-5, Barranquilla', '', 1, NOW(), NOW()),
('s200-0001-0001-0001-000000000014', 'Mundo Gadget', 'Camila Ríos', '3444444445', 'camila@gadget.com', 'Diagonal 2 #3-4, Bucaramanga', 'Gadgets', 1, NOW(), NOW()),
('s200-0001-0001-0001-000000000015', 'Importadora Asia Tech', 'Javier Silva', '3555555556', 'javier@asiatech.com', 'Carrera 8 #9-10, Cartagena', 'Importación directa', 1, NOW(), NOW()),
('s200-0001-0001-0001-000000000016', 'Almacenes Tecnológicos', 'Natalia Mora', '3666666667', 'natalia@almtec.com', 'Calle 12 #34-56, Pereira', '', 1, NOW(), NOW()),
('s200-0001-0001-0001-000000000017', 'Distribuidora de Laptops', 'Ricardo Vega', '3777777778', 'ricardo@laptops.com', 'Av 1 #2-3, Cúcuta', 'Especialistas en laptops', 1, NOW(), NOW()),
('s200-0001-0001-0001-000000000018', 'Pro Audio Visual', 'Mariana Castro', '3888888889', 'mariana@audiovisual.com', 'Cra 30 #40-50, Ibagué', 'Audio y video', 1, NOW(), NOW()),
('s200-0001-0001-0001-000000000019', 'Suministros de Oficina', 'Federico Díaz', '3999999990', 'federico@oficina.com', 'Calle 80 #90-100, Bogotá', '', 1, NOW(), NOW()),
('s200-0001-0001-0001-000000000020', 'Centro de Cómputo', 'Patricia Gil', '3100000001', 'patricia@computo.com', 'Cra 12 #34-56, Medellín', '', 1, NOW(), NOW()),
('s200-0001-0001-0001-000000000021', 'TecnoPartes', 'Gabriel Rojas', '3111111113', 'gabriel@tecnopartes.com', 'Calle 5 #6-7, Cali', 'Repuestos', 1, NOW(), NOW()),
('s200-0001-0001-0001-000000000022', 'Soluciones en Almacenamiento', 'Jimena Vargas', '3222222224', 'jimena@almacenamiento.com', 'Av 15 #20-25, Barranquilla', 'SSD, HDD', 1, NOW(), NOW()),
('s200-0001-0001-0001-000000000023', 'Todo en Cables', 'Esteban Romero', '3333333335', 'esteban@cables.com', 'Diagonal 7 #8-9, Bucaramanga', 'Cables y conectores', 1, NOW(), NOW()),
('s200-0001-0001-0001-000000000024', 'Baterías y Cargadores', 'Lorena Suárez', '3444444446', 'lorena@baterias.com', 'Carrera 18 #19-20, Cartagena', '', 1, NOW(), NOW()),
('s200-0001-0001-0001-000000000025', 'Importadora de Tablets', 'Hugo Mendoza', '3555555557', 'hugo@tablets.com', 'Calle 99 #10-11, Pereira', '', 1, NOW(), NOW()),
('s200-0001-0001-0001-000000000026', 'Proyectores Profesionales', 'Beatriz Peña', '3666666668', 'beatriz@proyectores.com', 'Av 4 #5-6, Cúcuta', '', 1, NOW(), NOW()),
('s200-0001-0001-0001-000000000027', 'Suministros TIC', 'Sergio Quintero', '3777777779', 'sergio@suministrostic.com', 'Cra 22 #23-24, Ibagué', '', 1, NOW(), NOW()),
('s200-0001-0001-0001-000000000028', 'Distribuidora Nacional', 'Paula Arango', '3888888890', 'paula@distnal.com', 'Calle 50 #60-70, Bogotá', 'Cobertura nacional', 1, NOW(), NOW()),
('s200-0001-0001-0001-000000000029', 'Tecno Global', 'Daniel Cortés', '3999999991', 'daniel@tecnoglobal.com', 'Cra 7 #8-9, Medellín', '', 1, NOW(), NOW()),
('s200-0001-0001-0001-000000000030', 'Accesorios y Periféricos', 'Valentina Ríos', '3100000002', 'valentina@accesorios.com', 'Calle 34 #45-56, Cali', '', 1, NOW(), NOW()),
('s200-0001-0001-0001-000000000031', 'Electrodomésticos Tech', 'Mateo Londoño', '3111111114', 'mateo@electrodomesticos.com', 'Av 11 #12-13, Barranquilla', '', 1, NOW(), NOW()),
('s200-0001-0001-0001-000000000032', 'Smart Solutions', 'Nicolás Duque', '3222222225', 'nicolas@smartsol.com', 'Diagonal 3 #4-5, Bucaramanga', '', 1, NOW(), NOW()),
('s200-0001-0001-0001-000000000033', 'Proveedor de Redes', 'Isabela Mejía', '3333333336', 'isabela@redes.com', 'Carrera 25 #26-27, Cartagena', '', 1, NOW(), NOW()),
('s200-0001-0001-0001-000000000034', 'Servicios Técnicos', 'Alejandro Uribe', '3444444447', 'alejandro@servitec.com', 'Calle 2 #3-4, Pereira', 'Mantenimiento', 1, NOW(), NOW()),
('s200-0001-0001-0001-000000000035', 'Mundo Informático', 'Carolina Ospina', '3555555558', 'carolina@mundoinfo.com', 'Av 9 #10-11, Cúcuta', '', 1, NOW(), NOW());

INSERT INTO sales (id, invoice_number, date, user_id, payment_method, subtotal, discount, total, customer_name, customer_id, created_at) VALUES
('sal200-0001', 'INV-1001', DATE_SUB(NOW(), INTERVAL 29 DAY), 'u200-0001-0001-0001-000000000002', 'EFECTIVO', 750000, 0, 750000, 'Cliente A', 'CC-001', DATE_SUB(NOW(), INTERVAL 29 DAY)),
('sal200-0002', 'INV-1002', DATE_SUB(NOW(), INTERVAL 28 DAY), 'u200-0001-0001-0001-000000000003', 'TARJETA', 1150000, 50000, 1100000, 'Cliente B', 'NIT-002', DATE_SUB(NOW(), INTERVAL 28 DAY)),
('sal200-0003', 'INV-1003', DATE_SUB(NOW(), INTERVAL 27 DAY), 'u200-0001-0001-0001-000000000005', 'TRANSFERENCIA', 850000, 0, 850000, 'Cliente C', 'CC-003', DATE_SUB(NOW(), INTERVAL 27 DAY)),
('sal200-0004', 'INV-1004', DATE_SUB(NOW(), INTERVAL 26 DAY), 'u200-0001-0001-0001-000000000006', 'EFECTIVO', 1350000, 100000, 1250000, 'Cliente D', 'NIT-004', DATE_SUB(NOW(), INTERVAL 26 DAY)),
('sal200-0005', 'INV-1005', DATE_SUB(NOW(), INTERVAL 25 DAY), 'u200-0001-0001-0001-000000000002', 'TARJETA', 790000, 0, 790000, 'Cliente E', 'CC-005', DATE_SUB(NOW(), INTERVAL 25 DAY)),
('sal200-0006', 'INV-1006', DATE_SUB(NOW(), INTERVAL 24 DAY), 'u200-0001-0001-0001-000000000009', 'EFECTIVO', 580000, 20000, 560000, 'Cliente F', 'NIT-006', DATE_SUB(NOW(), INTERVAL 24 DAY)),
('sal200-0007', 'INV-1007', DATE_SUB(NOW(), INTERVAL 23 DAY), 'u200-0001-0001-0001-000000000010', 'TRANSFERENCIA', 1650000, 0, 1650000, 'Cliente G', 'CC-007', DATE_SUB(NOW(), INTERVAL 23 DAY)),
('sal200-0008', 'INV-1008', DATE_SUB(NOW(), INTERVAL 22 DAY), 'u200-0001-0001-0001-000000000002', 'EFECTIVO', 2150000, 150000, 2000000, 'Cliente H', 'NIT-008', DATE_SUB(NOW(), INTERVAL 22 DAY)),
('sal200-0009', 'INV-1009', DATE_SUB(NOW(), INTERVAL 21 DAY), 'u200-0001-0001-0001-000000000011', 'TARJETA', 1550000, 0, 1550000, 'Cliente I', 'CC-009', DATE_SUB(NOW(), INTERVAL 21 DAY)),
('sal200-0010', 'INV-1010', DATE_SUB(NOW(), INTERVAL 20 DAY), 'u200-0001-0001-0001-000000000012', 'EFECTIVO', 720000, 20000, 700000, 'Cliente J', 'NIT-010', DATE_SUB(NOW(), INTERVAL 20 DAY)),
('sal200-0011', 'INV-1011', DATE_SUB(NOW(), INTERVAL 19 DAY), 'u200-0001-0001-0001-000000000014', 'TRANSFERENCIA', 380000, 0, 380000, 'Cliente K', 'CC-011', DATE_SUB(NOW(), INTERVAL 19 DAY)),
('sal200-0012', 'INV-1012', DATE_SUB(NOW(), INTERVAL 18 DAY), 'u200-0001-0001-0001-000000000015', 'EFECTIVO', 340000, 0, 340000, 'Cliente L', 'NIT-012', DATE_SUB(NOW(), INTERVAL 18 DAY)),
('sal200-0013', 'INV-1013', DATE_SUB(NOW(), INTERVAL 17 DAY), 'u200-0001-0001-0001-000000000002', 'TARJETA', 620000, 30000, 590000, 'Cliente M', 'CC-013', DATE_SUB(NOW(), INTERVAL 17 DAY)),
('sal200-0014', 'INV-1014', DATE_SUB(NOW(), INTERVAL 16 DAY), 'u200-0001-0001-0001-000000000016', 'EFECTIVO', 310000, 0, 310000, 'Cliente N', 'NIT-014', DATE_SUB(NOW(), INTERVAL 16 DAY)),
('sal200-0015', 'INV-1015', DATE_SUB(NOW(), INTERVAL 15 DAY), 'u200-0001-0001-0001-000000000017', 'TRANSFERENCIA', 95000, 0, 95000, 'Cliente O', 'CC-015', DATE_SUB(NOW(), INTERVAL 15 DAY)),
('sal200-0016', 'INV-1016', DATE_SUB(NOW(), INTERVAL 14 DAY), 'u200-0001-0001-0001-000000000019', 'EFECTIVO', 125000, 5000, 120000, 'Cliente P', 'NIT-016', DATE_SUB(NOW(), INTERVAL 14 DAY)),
('sal200-0017', 'INV-1017', DATE_SUB(NOW(), INTERVAL 13 DAY), 'u200-0001-0001-0001-000000000020', 'TARJETA', 55000, 0, 55000, 'Cliente Q', 'CC-017', DATE_SUB(NOW(), INTERVAL 13 DAY)),
('sal200-0018', 'INV-1018', DATE_SUB(NOW(), INTERVAL 12 DAY), 'u200-0001-0001-0001-000000000002', 'EFECTIVO', 110000, 0, 110000, 'Cliente R', 'NIT-018', DATE_SUB(NOW(), INTERVAL 12 DAY)),
('sal200-0019', 'INV-1019', DATE_SUB(NOW(), INTERVAL 11 DAY), 'u200-0001-0001-0001-000000000021', 'TRANSFERENCIA', 180000, 10000, 170000, 'Cliente S', 'CC-019', DATE_SUB(NOW(), INTERVAL 11 DAY)),
('sal200-0020', 'INV-1020', DATE_SUB(NOW(), INTERVAL 10 DAY), 'u200-0001-0001-0001-000000000022', 'EFECTIVO', 210000, 0, 210000, 'Cliente T', 'NIT-020', DATE_SUB(NOW(), INTERVAL 10 DAY)),
('sal200-0021', 'INV-1021', DATE_SUB(NOW(), INTERVAL 9 DAY), 'u200-0001-0001-0001-000000000023', 'TARJETA', 310000, 10000, 300000, 'Cliente U', 'CC-021', DATE_SUB(NOW(), INTERVAL 9 DAY)),
('sal200-0022', 'INV-1022', DATE_SUB(NOW(), INTERVAL 8 DAY), 'u200-0001-0001-0001-000000000024', 'EFECTIVO', 390000, 0, 390000, 'Cliente V', 'NIT-022', DATE_SUB(NOW(), INTERVAL 8 DAY)),
('sal200-0023', 'INV-1023', DATE_SUB(NOW(), INTERVAL 7 DAY), 'u200-0001-0001-0001-000000000002', 'TRANSFERENCIA', 480000, 20000, 460000, 'Cliente W', 'CC-023', DATE_SUB(NOW(), INTERVAL 7 DAY)),
('sal200-0024', 'INV-1024', DATE_SUB(NOW(), INTERVAL 6 DAY), 'u200-0001-0001-0001-000000000025', 'EFECTIVO', 340000, 0, 340000, 'Cliente X', 'NIT-024', DATE_SUB(NOW(), INTERVAL 6 DAY)),
('sal200-0025', 'INV-1025', DATE_SUB(NOW(), INTERVAL 5 DAY), 'u200-0001-0001-0001-000000000026', 'TARJETA', 175000, 0, 175000, 'Cliente Y', 'CC-025', DATE_SUB(NOW(), INTERVAL 5 DAY)),
('sal200-0026', 'INV-1026', DATE_SUB(NOW(), INTERVAL 4 DAY), 'u200-0001-0001-0001-000000000027', 'EFECTIVO', 95000, 0, 95000, 'Cliente Z', 'NIT-026', DATE_SUB(NOW(), INTERVAL 4 DAY)),
('sal200-0027', 'INV-1027', DATE_SUB(NOW(), INTERVAL 3 DAY), 'u200-0001-0001-0001-000000000002', 'TRANSFERENCIA', 490000, 40000, 450000, 'Cliente AA', 'CC-027', DATE_SUB(NOW(), INTERVAL 3 DAY)),
('sal200-0028', 'INV-1028', DATE_SUB(NOW(), INTERVAL 2 DAY), 'u200-0001-0001-0001-000000000028', 'EFECTIVO', 720000, 0, 720000, 'Cliente AB', 'NIT-028', DATE_SUB(NOW(), INTERVAL 2 DAY)),
('sal200-0029', 'INV-1029', DATE_SUB(NOW(), INTERVAL 1 DAY), 'u200-0001-0001-0001-000000000029', 'TARJETA', 650000, 50000, 600000, 'Cliente AC', 'CC-029', DATE_SUB(NOW(), INTERVAL 1 DAY)),
('sal200-0030', 'INV-1030', NOW(), 'u200-0001-0001-0001-000000000002', 'EFECTIVO', 1150000, 0, 1150000, 'Cliente AD', 'NIT-030', NOW()),
('sal200-0031', 'INV-1031', DATE_SUB(NOW(), INTERVAL 28 DAY), 'u200-0001-0001-0001-000000000030', 'EFECTIVO', 880000, 30000, 850000, 'Cliente AE', 'CC-031', DATE_SUB(NOW(), INTERVAL 28 DAY)),
('sal200-0032', 'INV-1032', DATE_SUB(NOW(), INTERVAL 27 DAY), 'u200-0001-0001-0001-000000000031', 'TARJETA', 125000, 0, 125000, 'Cliente AF', 'NIT-032', DATE_SUB(NOW(), INTERVAL 27 DAY)),
('sal200-0033', 'INV-1033', DATE_SUB(NOW(), INTERVAL 26 DAY), 'u200-0001-0001-0001-000000000002', 'TRANSFERENCIA', 260000, 10000, 250000, 'Cliente AG', 'CC-033', DATE_SUB(NOW(), INTERVAL 26 DAY)),
('sal200-0034', 'INV-1034', DATE_SUB(NOW(), INTERVAL 25 DAY), 'u200-0001-0001-0001-000000000032', 'EFECTIVO', 450000, 0, 450000, 'Cliente AH', 'NIT-034', DATE_SUB(NOW(), INTERVAL 25 DAY)),
('sal200-0035', 'INV-1035', DATE_SUB(NOW(), INTERVAL 24 DAY), 'u200-0001-0001-0001-000000000033', 'TARJETA', 105000, 0, 105000, 'Cliente AI', 'CC-035', DATE_SUB(NOW(), INTERVAL 24 DAY)),
('sal200-0036', 'INV-1036', DATE_SUB(NOW(), INTERVAL 23 DAY), 'u200-0001-0001-0001-000000000034', 'EFECTIVO', 720000, 20000, 700000, 'Cliente AJ', 'NIT-036', DATE_SUB(NOW(), INTERVAL 23 DAY)),
('sal200-0037', 'INV-1037', DATE_SUB(NOW(), INTERVAL 22 DAY), 'u200-0001-0001-0001-000000000002', 'TRANSFERENCIA', 990000, 0, 990000, 'Cliente AK', 'CC-037', DATE_SUB(NOW(), INTERVAL 22 DAY)),
('sal200-0038', 'INV-1038', DATE_SUB(NOW(), INTERVAL 21 DAY), 'u200-0001-0001-0001-000000000035', 'EFECTIVO', 380000, 0, 380000, 'Cliente AL', 'NIT-038', DATE_SUB(NOW(), INTERVAL 21 DAY)),
('sal200-0039', 'INV-1039', DATE_SUB(NOW(), INTERVAL 20 DAY), 'u200-0001-0001-0001-000000000002', 'TARJETA', 45000, 0, 45000, 'Cliente AM', 'CC-039', DATE_SUB(NOW(), INTERVAL 20 DAY)),
('sal200-0040', 'INV-1040', DATE_SUB(NOW(), INTERVAL 19 DAY), 'u200-0001-0001-0001-000000000003', 'EFECTIVO', 135000, 0, 135000, 'Cliente AN', 'NIT-040', DATE_SUB(NOW(), INTERVAL 19 DAY)),
('sal200-0041', 'INV-1041', DATE_SUB(NOW(), INTERVAL 18 DAY), 'u200-0001-0001-0001-000000000005', 'TRANSFERENCIA', 78000, 0, 78000, 'Cliente AO', 'CC-041', DATE_SUB(NOW(), INTERVAL 18 DAY)),
('sal200-0042', 'INV-1042', DATE_SUB(NOW(), INTERVAL 17 DAY), 'u200-0001-0001-0001-000000000006', 'EFECTIVO', 115000, 0, 115000, 'Cliente AP', 'NIT-042', DATE_SUB(NOW(), INTERVAL 17 DAY)),
('sal200-0043', 'INV-1043', DATE_SUB(NOW(), INTERVAL 16 DAY), 'u200-0001-0001-0001-000000000009', 'TARJETA', 35000, 0, 35000, 'Cliente AQ', 'CC-043', DATE_SUB(NOW(), INTERVAL 16 DAY)),
('sal200-0044', 'INV-1044', DATE_SUB(NOW(), INTERVAL 15 DAY), 'u200-0001-0001-0001-000000000010', 'EFECTIVO', 15000, 0, 15000, 'Cliente AR', 'NIT-044', DATE_SUB(NOW(), INTERVAL 15 DAY)),
('sal200-0045', 'INV-1045', DATE_SUB(NOW(), INTERVAL 14 DAY), 'u200-0001-0001-0001-000000000002', 'TRANSFERENCIA', 550000, 50000, 500000, 'Cliente AS', 'CC-045', DATE_SUB(NOW(), INTERVAL 14 DAY)),
('sal200-0046', 'INV-1046', DATE_SUB(NOW(), INTERVAL 13 DAY), 'u200-0001-0001-0001-000000000011', 'EFECTIVO', 890000, 0, 890000, 'Cliente AT', 'NIT-046', DATE_SUB(NOW(), INTERVAL 13 DAY)),
('sal200-0047', 'INV-1047', DATE_SUB(NOW(), INTERVAL 12 DAY), 'u200-0001-0001-0001-000000000012', 'TARJETA', 1240000, 40000, 1200000, 'Cliente AU', 'CC-047', DATE_SUB(NOW(), INTERVAL 12 DAY)),
('sal200-0048', 'INV-1048', DATE_SUB(NOW(), INTERVAL 11 DAY), 'u200-0001-0001-0001-000000000014', 'EFECTIVO', 650000, 0, 650000, 'Cliente AV', 'NIT-048', DATE_SUB(NOW(), INTERVAL 11 DAY)),
('sal200-0049', 'INV-1049', DATE_SUB(NOW(), INTERVAL 10 DAY), 'u200-0001-0001-0001-000000000015', 'TRANSFERENCIA', 210000, 10000, 200000, 'Cliente AW', 'CC-049', DATE_SUB(NOW(), INTERVAL 10 DAY)),
('sal200-0050', 'INV-1050', DATE_SUB(NOW(), INTERVAL 9 DAY), 'u200-0001-0001-0001-000000000002', 'EFECTIVO', 920000, 0, 920000, 'Cliente AX', 'NIT-050', DATE_SUB(NOW(), INTERVAL 9 DAY));


INSERT INTO sale_items (id, sale_id, product_id, qty, unit_price, line_total, description, unit_cost) VALUES
('si200-0001', 'sal200-0001', 'p200-0001-0001-0001-000000000001', 1, 750000, 750000, 'Laptop Dell Latitude 3420', 500000),
('si200-0002', 'sal200-0002', 'p200-0001-0001-0001-000000000002', 1, 1150000, 1150000, 'Laptop Dell Latitude 3520', 800000),
('si200-0003', 'sal200-0003', 'p200-0001-0001-0001-000000000003', 1, 850000, 850000, 'Laptop HP Pavilion 15', 600000),
('si200-0004', 'sal200-0004', 'p200-0001-0001-0001-000000000004', 1, 1350000, 1350000, 'Laptop HP Envy x360', 950000),
('si200-0005', 'sal200-0005', 'p200-0001-0001-0001-000000000005', 1, 790000, 790000, 'Lenovo ThinkPad E14', 550000),
('si200-0006', 'sal200-0006', 'p200-0001-0001-0001-000000000006', 1, 580000, 580000, 'Lenovo IdeaPad 3', 400000),
('si200-0007', 'sal200-0007', 'p200-0001-0001-0001-000000000007', 1, 1650000, 1650000, 'MacBook Air M1', 1200000),
('si200-0008', 'sal200-0008', 'p200-0001-0001-0001-000000000008', 1, 2150000, 2150000, 'MacBook Pro 13 M2', 1600000),
('si200-0009', 'sal200-0009', 'p200-0001-0001-0001-000000000009', 1, 1550000, 1550000, 'Asus ZenBook 14', 1100000),
('si200-0010', 'sal200-0010', 'p200-0001-0001-0001-000000000010', 1, 720000, 720000, 'Acer Aspire 5', 480000),
('si200-0011', 'sal200-0010', 'p200-0001-0001-0001-000000000015', 1, 95000, 95000, 'Kit Logitech MK235', 60000),
('si200-0012', 'sal200-0011', 'p200-0001-0001-0001-000000000011', 1, 380000, 380000, 'Monitor LG 24"', 250000),
('si200-0013', 'sal200-0012', 'p200-0001-0001-0001-000000000012', 1, 340000, 340000, 'Monitor Samsung 24"', 220000),
('si200-0014', 'sal200-0013', 'p200-0001-0001-0001-000000000020', 2, 210000, 420000, 'Disco WD 1TB', 150000),
('si200-0015', 'sal200-0013', 'p200-0001-0001-0001-000000000016', 1, 125000, 125000, 'Mouse MX Master 3', 80000),
('si200-0016', 'sal200-0014', 'p200-0001-0001-0001-000000000024', 2, 95000, 190000, 'RAM 8GB DDR4', 60000),
('si200-0017', 'sal200-0014', 'p200-0001-0001-0001-000000000032', 2, 45000, 90000, 'Audífonos Logitech H111', 30000),
('si200-0018', 'sal200-0015', 'p200-0001-0001-0001-000000000035', 2, 35000, 70000, 'Cargador USB-C', 20000),
('si200-0019', 'sal200-0015', 'p200-0001-0001-0001-000000000036', 1, 15000, 15000, 'Cable HDMI', 8000),
('si200-0020', 'sal200-0016', 'p200-0001-0001-0001-000000000017', 2, 55000, 110000, 'Mouse G203', 35000),
('si200-0021', 'sal200-0016', 'p200-0001-0001-0001-000000000033', 1, 135000, 135000, 'Audífonos JBL Tune 500', 90000),
('si200-0022', 'sal200-0017', 'p200-0001-0001-0001-000000000018', 1, 110000, 110000, 'Teclado Redragon K552', 70000),
('si200-0023', 'sal200-0018', 'p200-0001-0001-0001-000000000028', 1, 720000, 720000, 'Impresora Epson L3150', 550000),
('si200-0024', 'sal200-0019', 'p200-0001-0001-0001-000000000019', 1, 180000, 180000, 'Teclado Surface', 120000),
('si200-0025', 'sal200-0020', 'p200-0001-0001-0001-000000000021', 1, 310000, 310000, 'Disco Seagate 2TB', 220000),
('si200-0026', 'sal200-0021', 'p200-0001-0001-0001-000000000022', 1, 390000, 390000, 'SSD Samsung T7', 280000),
('si200-0027', 'sal200-0022', 'p200-0001-0001-0001-000000000023', 1, 480000, 480000, 'Kingston SSD 1TB', 350000),
('si200-0028', 'sal200-0023', 'p200-0001-0001-0001-000000000025', 2, 175000, 350000, 'RAM Corsair 16GB', 120000),
('si200-0029', 'sal200-0023', 'p200-0001-0001-0001-000000000037', 1, 105000, 105000, 'Power Bank Anker', 70000),
('si200-0030', 'sal200-0024', 'p200-0001-0001-0001-000000000026', 1, 340000, 340000, 'RAM HyperX 32GB', 240000),
('si200-0031', 'sal200-0025', 'p200-0001-0001-0001-000000000027', 1, 490000, 490000, 'Impresora HP LaserJet', 350000),
('si200-0032', 'sal200-0025', 'p200-0001-0001-0001-000000000029', 1, 650000, 650000, 'Impresora Canon Pixma', 480000),
('si200-0033', 'sal200-0026', 'p200-0001-0001-0001-000000000030', 1, 120000, 120000, 'Webcam Logitech C270', 80000),
('si200-0034', 'sal200-0027', 'p200-0001-0001-0001-000000000031', 1, 115000, 115000, 'Webcam Microsoft', 75000),
('si200-0035', 'sal200-0027', 'p200-0001-0001-0001-000000000034', 1, 78000, 78000, 'Audífonos Sony', 50000),
('si200-0036', 'sal200-0028', 'p200-0001-0001-0001-000000000038', 1, 990000, 990000, 'Laptop MSI Modern 14', 700000),
('si200-0037', 'sal200-0029', 'p200-0001-0001-0001-000000000039', 1, 920000, 920000, 'Huawei MateBook D14', 650000),
('si200-0038', 'sal200-0029', 'p200-0001-0001-0001-000000000040', 1, 880000, 880000, 'Xiaomi Mi Notebook', 620000),
('si200-0039', 'sal200-0030', 'p200-0001-0001-0001-000000000041', 2, 450000, 900000, 'Tablet Samsung Tab A8', 300000),
('si200-0040', 'sal200-0030', 'p200-0001-0001-0001-000000000042', 1, 1050000, 1050000, 'iPad 9th Gen', 750000),
('si200-0041', 'sal200-0031', 'p200-0001-0001-0001-000000000013', 1, 620000, 620000, 'Monitor Dell P2422H', 450000),
('si200-0042', 'sal200-0031', 'p200-0001-0001-0001-000000000014', 1, 310000, 310000, 'Monitor HP V24i', 200000),
('si200-0043', 'sal200-0032', 'p200-0001-0001-0001-000000000016', 1, 125000, 125000, 'Mouse MX Master 3', 80000),
('si200-0044', 'sal200-0033', 'p200-0001-0001-0001-000000000020', 1, 210000, 210000, 'Disco WD 1TB', 150000),
('si200-0045', 'sal200-0033', 'p200-0001-0001-0001-000000000021', 1, 310000, 310000, 'Disco Seagate 2TB', 220000),
('si200-0046', 'sal200-0034', 'p200-0001-0001-0001-000000000001', 1, 750000, 750000, 'Laptop Dell Latitude', 500000),
('si200-0047', 'sal200-0034', 'p200-0001-0001-0001-000000000005', 1, 790000, 790000, 'Lenovo ThinkPad', 550000),
('si200-0048', 'sal200-0035', 'p200-0001-0001-0001-000000000017', 2, 55000, 110000, 'Mouse G203', 35000),
('si200-0049', 'sal200-0035', 'p200-0001-0001-0001-000000000032', 1, 45000, 45000, 'Audífonos H111', 30000),
('si200-0050', 'sal200-0036', 'p200-0001-0001-0001-000000000003', 1, 850000, 850000, 'HP Pavilion', 600000),
('si200-0051', 'sal200-0036', 'p200-0001-0001-0001-000000000015', 1, 95000, 95000, 'Kit Logitech', 60000),
('si200-0052', 'sal200-0037', 'p200-0001-0001-0001-000000000007', 1, 1650000, 1650000, 'MacBook Air', 1200000),
('si200-0053', 'sal200-0038', 'p200-0001-0001-0001-000000000024', 2, 95000, 190000, 'RAM 8GB', 60000),
('si200-0054', 'sal200-0038', 'p200-0001-0001-0001-000000000025', 1, 175000, 175000, 'RAM 16GB', 120000),
('si200-0055', 'sal200-0039', 'p200-0001-0001-0001-000000000036', 3, 15000, 45000, 'Cable HDMI', 8000),
('si200-0056', 'sal200-0040', 'p200-0001-0001-0001-000000000033', 1, 135000, 135000, 'JBL Tune 500', 90000),
('si200-0057', 'sal200-0041', 'p200-0001-0001-0001-000000000035', 2, 35000, 70000, 'Cargador USB-C', 20000),
('si200-0058', 'sal200-0041', 'p200-0001-0001-0001-000000000036', 1, 15000, 15000, 'Cable HDMI', 8000),
('si200-0059', 'sal200-0042', 'p200-0001-0001-0001-000000000018', 1, 110000, 110000, 'Teclado Redragon', 70000),
('si200-0060', 'sal200-0043', 'p200-0001-0001-0001-000000000030', 1, 120000, 120000, 'Webcam C270', 80000),
('si200-0061', 'sal200-0044', 'p200-0001-0001-0001-000000000036', 1, 15000, 15000, 'Cable HDMI', 8000),
('si200-0062', 'sal200-0045', 'p200-0001-0001-0001-000000000002', 1, 1150000, 1150000, 'Dell Latitude 3520', 800000),
('si200-0063', 'sal200-0045', 'p200-0001-0001-0001-000000000016', 1, 125000, 125000, 'MX Master 3', 80000),
('si200-0064', 'sal200-0046', 'p200-0001-0001-0001-000000000004', 1, 1350000, 1350000, 'HP Envy', 950000),
('si200-0065', 'sal200-0046', 'p200-0001-0001-0001-000000000017', 1, 55000, 55000, 'Mouse G203', 35000),
('si200-0066', 'sal200-0047', 'p200-0001-0001-0001-000000000008', 1, 2150000, 2150000, 'MacBook Pro', 1600000),
('si200-0067', 'sal200-0048', 'p200-0001-0001-0001-000000000009', 1, 1550000, 1550000, 'Asus ZenBook', 1100000),
('si200-0068', 'sal200-0048', 'p200-0001-0001-0001-000000000022', 1, 390000, 390000, 'SSD T7', 280000),
('si200-0069', 'sal200-0049', 'p200-0001-0001-0001-000000000010', 1, 720000, 720000, 'Acer Aspire', 480000),
('si200-0070', 'sal200-0049', 'p200-0001-0001-0001-000000000011', 1, 380000, 380000, 'Monitor LG', 250000),
('si200-0071', 'sal200-0050', 'p200-0001-0001-0001-000000000043', 1, 260000, 260000, 'Lenovo Tab M10', 180000),
('si200-0072', 'sal200-0050', 'p200-0001-0001-0001-000000000044', 1, 720000, 720000, 'Proyector Epson', 500000),
('si200-0073', 'sal200-0050', 'p200-0001-0001-0001-000000000045', 1, 650000, 650000, 'Proyector ViewSonic', 450000),
('si200-0074', 'sal200-0001', 'p200-0001-0001-0001-000000000032', 1, 45000, 45000, 'Audífonos H111', 30000),
('si200-0075', 'sal200-0002', 'p200-0001-0001-0001-000000000015', 1, 95000, 95000, 'Kit Logitech', 60000),
('si200-0076', 'sal200-0003', 'p200-0001-0001-0001-000000000016', 1, 125000, 125000, 'MX Master 3', 80000),
('si200-0077', 'sal200-0004', 'p200-0001-0001-0001-000000000017', 2, 55000, 110000, 'Mouse G203', 35000),
('si200-0078', 'sal200-0005', 'p200-0001-0001-0001-000000000018', 1, 110000, 110000, 'Teclado Redragon', 70000),
('si200-0079', 'sal200-0006', 'p200-0001-0001-0001-000000000024', 2, 95000, 190000, 'RAM 8GB', 60000),
('si200-0080', 'sal200-0007', 'p200-0001-0001-0001-000000000025', 1, 175000, 175000, 'RAM 16GB', 120000),
('si200-0081', 'sal200-0008', 'p200-0001-0001-0001-000000000026', 1, 340000, 340000, 'RAM 32GB', 240000),
('si200-0082', 'sal200-0009', 'p200-0001-0001-0001-000000000027', 1, 490000, 490000, 'HP LaserJet', 350000),
('si200-0083', 'sal200-0011', 'p200-0001-0001-0001-000000000028', 1, 720000, 720000, 'Epson L3150', 550000),
('si200-0084', 'sal200-0012', 'p200-0001-0001-0001-000000000029', 1, 650000, 650000, 'Canon Pixma', 480000),
('si200-0085', 'sal200-0013', 'p200-0001-0001-0001-000000000030', 1, 120000, 120000, 'Webcam C270', 80000),
('si200-0086', 'sal200-0014', 'p200-0001-0001-0001-000000000031', 1, 115000, 115000, 'Webcam Microsoft', 75000),
('si200-0087', 'sal200-0015', 'p200-0001-0001-0001-000000000033', 1, 135000, 135000, 'JBL Tune 500', 90000),
('si200-0088', 'sal200-0017', 'p200-0001-0001-0001-000000000034', 1, 78000, 78000, 'Sony MDR', 50000),
('si200-0089', 'sal200-0018', 'p200-0001-0001-0001-000000000037', 1, 105000, 105000, 'Power Bank', 70000),
('si200-0090', 'sal200-0019', 'p200-0001-0001-0001-000000000038', 1, 990000, 990000, 'MSI Modern', 700000),
('si200-0091', 'sal200-0020', 'p200-0001-0001-0001-000000000039', 1, 920000, 920000, 'Huawei MateBook', 650000),
('si200-0092', 'sal200-0021', 'p200-0001-0001-0001-000000000040', 1, 880000, 880000, 'Xiaomi Mi', 620000),
('si200-0093', 'sal200-0022', 'p200-0001-0001-0001-000000000041', 1, 450000, 450000, 'Samsung Tab A8', 300000),
('si200-0094', 'sal200-0023', 'p200-0001-0001-0001-000000000042', 1, 1050000, 1050000, 'iPad', 750000),
('si200-0095', 'sal200-0024', 'p200-0001-0001-0001-000000000043', 1, 260000, 260000, 'Lenovo Tab', 180000),
('si200-0096', 'sal200-0025', 'p200-0001-0001-0001-000000000044', 1, 720000, 720000, 'Epson Proyector', 500000),
('si200-0097', 'sal200-0026', 'p200-0001-0001-0001-000000000045', 1, 650000, 650000, 'ViewSonic', 450000),
('si200-0098', 'sal200-0027', 'p200-0001-0001-0001-000000000001', 1, 750000, 750000, 'Dell Latitude', 500000),
('si200-0099', 'sal200-0028', 'p200-0001-0001-0001-000000000002', 1, 1150000, 1150000, 'Dell 3520', 800000),
('si200-0100', 'sal200-0029', 'p200-0001-0001-0001-000000000003', 1, 850000, 850000, 'HP Pavilion', 600000),
('si200-0101', 'sal200-0030', 'p200-0001-0001-0001-000000000004', 1, 1350000, 1350000, 'HP Envy', 950000),
('si200-0102', 'sal200-0031', 'p200-0001-0001-0001-000000000005', 1, 790000, 790000, 'ThinkPad', 550000),
('si200-0103', 'sal200-0032', 'p200-0001-0001-0001-000000000006', 1, 580000, 580000, 'IdeaPad', 400000),
('si200-0104', 'sal200-0033', 'p200-0001-0001-0001-000000000007', 1, 1650000, 1650000, 'MacBook Air', 1200000),
('si200-0105', 'sal200-0034', 'p200-0001-0001-0001-000000000008', 1, 2150000, 2150000, 'MacBook Pro', 1600000),
('si200-0106', 'sal200-0035', 'p200-0001-0001-0001-000000000009', 1, 1550000, 1550000, 'Asus ZenBook', 1100000),
('si200-0107', 'sal200-0036', 'p200-0001-0001-0001-000000000010', 1, 720000, 720000, 'Acer Aspire', 480000),
('si200-0108', 'sal200-0037', 'p200-0001-0001-0001-000000000011', 1, 380000, 380000, 'Monitor LG', 250000),
('si200-0109', 'sal200-0038', 'p200-0001-0001-0001-000000000012', 1, 340000, 340000, 'Monitor Samsung', 220000),
('si200-0110', 'sal200-0039', 'p200-0001-0001-0001-000000000013', 1, 620000, 620000, 'Monitor Dell', 450000),
('si200-0111', 'sal200-0040', 'p200-0001-0001-0001-000000000014', 1, 310000, 310000, 'Monitor HP', 200000),
('si200-0112', 'sal200-0041', 'p200-0001-0001-0001-000000000019', 1, 180000, 180000, 'Teclado Surface', 120000),
('si200-0113', 'sal200-0042', 'p200-0001-0001-0001-000000000020', 1, 210000, 210000, 'WD 1TB', 150000),
('si200-0114', 'sal200-0043', 'p200-0001-0001-0001-000000000021', 1, 310000, 310000, 'Seagate 2TB', 220000),
('si200-0115', 'sal200-0044', 'p200-0001-0001-0001-000000000022', 1, 390000, 390000, 'Samsung T7', 280000),
('si200-0116', 'sal200-0045', 'p200-0001-0001-0001-000000000023', 1, 480000, 480000, 'Kingston SSD', 350000),
('si200-0117', 'sal200-0046', 'p200-0001-0001-0001-000000000024', 2, 95000, 190000, 'RAM 8GB', 60000),
('si200-0118', 'sal200-0047', 'p200-0001-0001-0001-000000000025', 1, 175000, 175000, 'RAM 16GB', 120000),
('si200-0119', 'sal200-0048', 'p200-0001-0001-0001-000000000026', 1, 340000, 340000, 'RAM 32GB', 240000),
('si200-0120', 'sal200-0049', 'p200-0001-0001-0001-000000000027', 1, 490000, 490000, 'HP LaserJet', 350000),
('si200-0121', 'sal200-0050', 'p200-0001-0001-0001-000000000028', 1, 720000, 720000, 'Epson L3150', 550000);


INSERT INTO sale_returns (id, sale_id, user_id, reason, total_returned, created_at) VALUES
('sr200-0001', 'sal200-0002', 'u200-0001-0001-0001-000000000001', 'Producto defectuoso', 1100000, DATE_SUB(NOW(), INTERVAL 27 DAY)),
('sr200-0002', 'sal200-0005', 'u200-0001-0001-0001-000000000003', 'Cliente no conforme', 790000, DATE_SUB(NOW(), INTERVAL 24 DAY)),
('sr200-0003', 'sal200-0008', 'u200-0001-0001-0001-000000000002', 'Error en facturación', 2000000, DATE_SUB(NOW(), INTERVAL 21 DAY)),
('sr200-0004', 'sal200-0010', 'u200-0001-0001-0001-000000000005', 'Producto diferente', 700000, DATE_SUB(NOW(), INTERVAL 19 DAY)),
('sr200-0005', 'sal200-0013', 'u200-0001-0001-0001-000000000006', 'Cambio de opinión', 590000, DATE_SUB(NOW(), INTERVAL 16 DAY)),
('sr200-0006', 'sal200-0015', 'u200-0001-0001-0001-000000000009', 'Producto defectuoso', 95000, DATE_SUB(NOW(), INTERVAL 14 DAY)),
('sr200-0007', 'sal200-0018', 'u200-0001-0001-0001-000000000010', 'Cliente no conforme', 110000, DATE_SUB(NOW(), INTERVAL 11 DAY)),
('sr200-0008', 'sal200-0020', 'u200-0001-0001-0001-000000000011', 'Error en facturación', 210000, DATE_SUB(NOW(), INTERVAL 9 DAY)),
('sr200-0009', 'sal200-0023', 'u200-0001-0001-0001-000000000012', 'Producto defectuoso', 460000, DATE_SUB(NOW(), INTERVAL 6 DAY)),
('sr200-0010', 'sal200-0025', 'u200-0001-0001-0001-000000000014', 'Cambio de opinión', 175000, DATE_SUB(NOW(), INTERVAL 4 DAY)),
('sr200-0011', 'sal200-0027', 'u200-0001-0001-0001-000000000015', 'Producto diferente', 450000, DATE_SUB(NOW(), INTERVAL 2 DAY)),
('sr200-0012', 'sal200-0029', 'u200-0001-0001-0001-000000000016', 'Cliente no conforme', 600000, DATE_SUB(NOW(), INTERVAL 1 DAY)),
('sr200-0013', 'sal200-0032', 'u200-0001-0001-0001-000000000017', 'Producto defectuoso', 125000, DATE_SUB(NOW(), INTERVAL 26 DAY)),
('sr200-0014', 'sal200-0034', 'u200-0001-0001-0001-000000000019', 'Error en facturación', 450000, DATE_SUB(NOW(), INTERVAL 24 DAY)),
('sr200-0015', 'sal200-0036', 'u200-0001-0001-0001-000000000020', 'Cambio de opinión', 700000, DATE_SUB(NOW(), INTERVAL 22 DAY)),
('sr200-0016', 'sal200-0038', 'u200-0001-0001-0001-000000000021', 'Producto defectuoso', 380000, DATE_SUB(NOW(), INTERVAL 20 DAY)),
('sr200-0017', 'sal200-0040', 'u200-0001-0001-0001-000000000022', 'Cliente no conforme', 135000, DATE_SUB(NOW(), INTERVAL 18 DAY)),
('sr200-0018', 'sal200-0042', 'u200-0001-0001-0001-000000000023', 'Producto diferente', 115000, DATE_SUB(NOW(), INTERVAL 16 DAY)),
('sr200-0019', 'sal200-0044', 'u200-0001-0001-0001-000000000024', 'Error en facturación', 15000, DATE_SUB(NOW(), INTERVAL 14 DAY)),
('sr200-0020', 'sal200-0046', 'u200-0001-0001-0001-000000000025', 'Producto defectuoso', 890000, DATE_SUB(NOW(), INTERVAL 12 DAY)),
('sr200-0021', 'sal200-0048', 'u200-0001-0001-0001-000000000026', 'Cambio de opinión', 650000, DATE_SUB(NOW(), INTERVAL 10 DAY)),
('sr200-0022', 'sal200-0050', 'u200-0001-0001-0001-000000000027', 'Cliente no conforme', 920000, DATE_SUB(NOW(), INTERVAL 8 DAY)),
('sr200-0023', 'sal200-0004', 'u200-0001-0001-0001-000000000028', 'Producto defectuoso', 1250000, DATE_SUB(NOW(), INTERVAL 25 DAY)),
('sr200-0024', 'sal200-0007', 'u200-0001-0001-0001-000000000029', 'Error en facturación', 1650000, DATE_SUB(NOW(), INTERVAL 22 DAY)),
('sr200-0025', 'sal200-0012', 'u200-0001-0001-0001-000000000030', 'Producto diferente', 340000, DATE_SUB(NOW(), INTERVAL 17 DAY)),
('sr200-0026', 'sal200-0016', 'u200-0001-0001-0001-000000000031', 'Cambio de opinión', 120000, DATE_SUB(NOW(), INTERVAL 13 DAY)),
('sr200-0027', 'sal200-0019', 'u200-0001-0001-0001-000000000032', 'Producto defectuoso', 170000, DATE_SUB(NOW(), INTERVAL 10 DAY)),
('sr200-0028', 'sal200-0022', 'u200-0001-0001-0001-000000000033', 'Cliente no conforme', 390000, DATE_SUB(NOW(), INTERVAL 7 DAY)),
('sr200-0029', 'sal200-0026', 'u200-0001-0001-0001-000000000034', 'Error en facturación', 95000, DATE_SUB(NOW(), INTERVAL 3 DAY)),
('sr200-0030', 'sal200-0028', 'u200-0001-0001-0001-000000000035', 'Producto diferente', 720000, DATE_SUB(NOW(), INTERVAL 1 DAY));

INSERT INTO sale_return_items (id, return_id, sale_item_id, product_id, qty, unit_price, line_total, description) VALUES
('sri200-0001', 'sr200-0001', 'si200-0002', 'p200-0001-0001-0001-000000000002', 1, 1150000, 1150000, 'Laptop defectuosa'),
('sri200-0002', 'sr200-0002', 'si200-0005', 'p200-0001-0001-0001-000000000005', 1, 790000, 790000, 'No enciende'),
('sri200-0003', 'sr200-0003', 'si200-0008', 'p200-0001-0001-0001-000000000008', 1, 2150000, 2150000, 'Factura incorrecta'),
('sri200-0004', 'sr200-0004', 'si200-0010', 'p200-0001-0001-0001-000000000010', 1, 720000, 720000, 'Producto equivocado'),
('sri200-0005', 'sr200-0005', 'si200-0014', 'p200-0001-0001-0001-000000000020', 2, 210000, 420000, 'Cambio de opinión'),
('sri200-0006', 'sr200-0005', 'si200-0015', 'p200-0001-0001-0001-000000000016', 1, 125000, 125000, 'No le gustó'),
('sri200-0007', 'sr200-0006', 'si200-0018', 'p200-0001-0001-0001-000000000035', 2, 35000, 70000, 'No funciona'),
('sri200-0008', 'sr200-0006', 'si200-0019', 'p200-0001-0001-0001-000000000036', 1, 15000, 15000, 'Cable dañado'),
('sri200-0009', 'sr200-0007', 'si200-0023', 'p200-0001-0001-0001-000000000028', 1, 720000, 720000, 'Impresora con falla'),
('sri200-0010', 'sr200-0008', 'si200-0025', 'p200-0001-0001-0001-000000000021', 1, 310000, 310000, 'Disco no reconocido'),
('sri200-0011', 'sr200-0009', 'si200-0028', 'p200-0001-0001-0001-000000000025', 2, 175000, 350000, 'RAM incompatible'),
('sri200-0012', 'sr200-0009', 'si200-0029', 'p200-0001-0001-0001-000000000037', 1, 105000, 105000, 'No carga'),
('sri200-0013', 'sr200-0010', 'si200-0031', 'p200-0001-0001-0001-000000000027', 1, 490000, 490000, 'No imprime'),
('sri200-0014', 'sr200-0011', 'si200-0034', 'p200-0001-0001-0001-000000000031', 1, 115000, 115000, 'Webcam no funciona'),
('sri200-0015', 'sr200-0011', 'si200-0035', 'p200-0001-0001-0001-000000000034', 1, 78000, 78000, 'Audífonos rotos'),
('sri200-0016', 'sr200-0012', 'si200-0037', 'p200-0001-0001-0001-000000000039', 1, 920000, 920000, 'Cliente insatisfecho'),
('sri200-0017', 'sr200-0013', 'si200-0043', 'p200-0001-0001-0001-000000000016', 1, 125000, 125000, 'Mouse defectuoso'),
('sri200-0018', 'sr200-0014', 'si200-0046', 'p200-0001-0001-0001-000000000001', 1, 750000, 750000, 'Error en factura'),
('sri200-0019', 'sr200-0015', 'si200-0050', 'p200-0001-0001-0001-000000000003', 1, 850000, 850000, 'No conforme'),
('sri200-0020', 'sr200-0016', 'si200-0053', 'p200-0001-0001-0001-000000000024', 2, 95000, 190000, 'RAM defectuosa'),
('sri200-0021', 'sr200-0017', 'si200-0056', 'p200-0001-0001-0001-000000000033', 1, 135000, 135000, 'Audífonos dañados'),
('sri200-0022', 'sr200-0018', 'si200-0059', 'p200-0001-0001-0001-000000000018', 1, 110000, 110000, 'Teclado con fallas'),
('sri200-0023', 'sr200-0019', 'si200-0061', 'p200-0001-0001-0001-000000000036', 1, 15000, 15000, 'Cable defectuoso'),
('sri200-0024', 'sr200-0020', 'si200-0064', 'p200-0001-0001-0001-000000000004', 1, 1350000, 1350000, 'Pantalla rota'),
('sri200-0025', 'sr200-0021', 'si200-0067', 'p200-0001-0001-0001-000000000009', 1, 1550000, 1550000, 'Cambio de opinión'),
('sri200-0026', 'sr200-0022', 'si200-0071', 'p200-0001-0001-0001-000000000043', 1, 260000, 260000, 'Tablet no enciende'),
('sri200-0027', 'sr200-0022', 'si200-0072', 'p200-0001-0001-0001-000000000044', 1, 720000, 720000, 'Proyector sin imagen'),
('sri200-0028', 'sr200-0023', 'si200-0004', 'p200-0001-0001-0001-000000000004', 1, 1350000, 1350000, 'Producto defectuoso'),
('sri200-0029', 'sr200-0024', 'si200-0007', 'p200-0001-0001-0001-000000000007', 1, 1650000, 1650000, 'Error en facturación'),
('sri200-0030', 'sr200-0025', 'si200-0013', 'p200-0001-0001-0001-000000000012', 1, 340000, 340000, 'Monitor con pixel muerto');

INSERT INTO cash_sessions (id, user_id, opened_at, closed_at, opening_cash, expected_cash, counted_cash, created_at, updated_at) VALUES
('cs200-0001', 'u200-0001-0001-0001-000000000002', DATE_SUB(NOW(), INTERVAL 30 DAY), DATE_SUB(NOW(), INTERVAL 30 DAY) + INTERVAL 9 HOUR, 500000, 1250000, 1240000, DATE_SUB(NOW(), INTERVAL 30 DAY), DATE_SUB(NOW(), INTERVAL 30 DAY) + INTERVAL 9 HOUR),
('cs200-0002', 'u200-0001-0001-0001-000000000003', DATE_SUB(NOW(), INTERVAL 29 DAY), DATE_SUB(NOW(), INTERVAL 29 DAY) + INTERVAL 8 HOUR, 300000, 950000, 960000, DATE_SUB(NOW(), INTERVAL 29 DAY), DATE_SUB(NOW(), INTERVAL 29 DAY) + INTERVAL 8 HOUR),
('cs200-0003', 'u200-0001-0001-0001-000000000005', DATE_SUB(NOW(), INTERVAL 28 DAY), DATE_SUB(NOW(), INTERVAL 28 DAY) + INTERVAL 9 HOUR, 400000, 1100000, 1090000, DATE_SUB(NOW(), INTERVAL 28 DAY), DATE_SUB(NOW(), INTERVAL 28 DAY) + INTERVAL 9 HOUR),
('cs200-0004', 'u200-0001-0001-0001-000000000006', DATE_SUB(NOW(), INTERVAL 27 DAY), DATE_SUB(NOW(), INTERVAL 27 DAY) + INTERVAL 8 HOUR, 200000, 800000, 805000, DATE_SUB(NOW(), INTERVAL 27 DAY), DATE_SUB(NOW(), INTERVAL 27 DAY) + INTERVAL 8 HOUR),
('cs200-0005', 'u200-0001-0001-0001-000000000002', DATE_SUB(NOW(), INTERVAL 26 DAY), DATE_SUB(NOW(), INTERVAL 26 DAY) + INTERVAL 9 HOUR, 600000, 1500000, 1510000, DATE_SUB(NOW(), INTERVAL 26 DAY), DATE_SUB(NOW(), INTERVAL 26 DAY) + INTERVAL 9 HOUR),
('cs200-0006', 'u200-0001-0001-0001-000000000009', DATE_SUB(NOW(), INTERVAL 25 DAY), DATE_SUB(NOW(), INTERVAL 25 DAY) + INTERVAL 8 HOUR, 350000, 900000, 890000, DATE_SUB(NOW(), INTERVAL 25 DAY), DATE_SUB(NOW(), INTERVAL 25 DAY) + INTERVAL 8 HOUR),
('cs200-0007', 'u200-0001-0001-0001-000000000010', DATE_SUB(NOW(), INTERVAL 24 DAY), DATE_SUB(NOW(), INTERVAL 24 DAY) + INTERVAL 9 HOUR, 250000, 700000, 710000, DATE_SUB(NOW(), INTERVAL 24 DAY), DATE_SUB(NOW(), INTERVAL 24 DAY) + INTERVAL 9 HOUR),
('cs200-0008', 'u200-0001-0001-0001-000000000002', DATE_SUB(NOW(), INTERVAL 23 DAY), DATE_SUB(NOW(), INTERVAL 23 DAY) + INTERVAL 8 HOUR, 450000, 1200000, 1195000, DATE_SUB(NOW(), INTERVAL 23 DAY), DATE_SUB(NOW(), INTERVAL 23 DAY) + INTERVAL 8 HOUR),
('cs200-0009', 'u200-0001-0001-0001-000000000011', DATE_SUB(NOW(), INTERVAL 22 DAY), DATE_SUB(NOW(), INTERVAL 22 DAY) + INTERVAL 9 HOUR, 300000, 850000, 855000, DATE_SUB(NOW(), INTERVAL 22 DAY), DATE_SUB(NOW(), INTERVAL 22 DAY) + INTERVAL 9 HOUR),
('cs200-0010', 'u200-0001-0001-0001-000000000012', DATE_SUB(NOW(), INTERVAL 21 DAY), DATE_SUB(NOW(), INTERVAL 21 DAY) + INTERVAL 8 HOUR, 500000, 1300000, 1290000, DATE_SUB(NOW(), INTERVAL 21 DAY), DATE_SUB(NOW(), INTERVAL 21 DAY) + INTERVAL 8 HOUR),
('cs200-0011', 'u200-0001-0001-0001-000000000014', DATE_SUB(NOW(), INTERVAL 20 DAY), DATE_SUB(NOW(), INTERVAL 20 DAY) + INTERVAL 9 HOUR, 400000, 1050000, 1060000, DATE_SUB(NOW(), INTERVAL 20 DAY), DATE_SUB(NOW(), INTERVAL 20 DAY) + INTERVAL 9 HOUR),
('cs200-0012', 'u200-0001-0001-0001-000000000015', DATE_SUB(NOW(), INTERVAL 19 DAY), DATE_SUB(NOW(), INTERVAL 19 DAY) + INTERVAL 8 HOUR, 280000, 750000, 745000, DATE_SUB(NOW(), INTERVAL 19 DAY), DATE_SUB(NOW(), INTERVAL 19 DAY) + INTERVAL 8 HOUR),
('cs200-0013', 'u200-0001-0001-0001-000000000002', DATE_SUB(NOW(), INTERVAL 18 DAY), DATE_SUB(NOW(), INTERVAL 18 DAY) + INTERVAL 9 HOUR, 550000, 1400000, 1410000, DATE_SUB(NOW(), INTERVAL 18 DAY), DATE_SUB(NOW(), INTERVAL 18 DAY) + INTERVAL 9 HOUR),
('cs200-0014', 'u200-0001-0001-0001-000000000016', DATE_SUB(NOW(), INTERVAL 17 DAY), DATE_SUB(NOW(), INTERVAL 17 DAY) + INTERVAL 8 HOUR, 320000, 880000, 875000, DATE_SUB(NOW(), INTERVAL 17 DAY), DATE_SUB(NOW(), INTERVAL 17 DAY) + INTERVAL 8 HOUR),
('cs200-0015', 'u200-0001-0001-0001-000000000017', DATE_SUB(NOW(), INTERVAL 16 DAY), DATE_SUB(NOW(), INTERVAL 16 DAY) + INTERVAL 9 HOUR, 380000, 980000, 990000, DATE_SUB(NOW(), INTERVAL 16 DAY), DATE_SUB(NOW(), INTERVAL 16 DAY) + INTERVAL 9 HOUR),
('cs200-0016', 'u200-0001-0001-0001-000000000019', DATE_SUB(NOW(), INTERVAL 15 DAY), DATE_SUB(NOW(), INTERVAL 15 DAY) + INTERVAL 8 HOUR, 220000, 650000, 640000, DATE_SUB(NOW(), INTERVAL 15 DAY), DATE_SUB(NOW(), INTERVAL 15 DAY) + INTERVAL 8 HOUR),
('cs200-0017', 'u200-0001-0001-0001-000000000020', DATE_SUB(NOW(), INTERVAL 14 DAY), DATE_SUB(NOW(), INTERVAL 14 DAY) + INTERVAL 9 HOUR, 480000, 1150000, 1160000, DATE_SUB(NOW(), INTERVAL 14 DAY), DATE_SUB(NOW(), INTERVAL 14 DAY) + INTERVAL 9 HOUR),
('cs200-0018', 'u200-0001-0001-0001-000000000002', DATE_SUB(NOW(), INTERVAL 13 DAY), DATE_SUB(NOW(), INTERVAL 13 DAY) + INTERVAL 8 HOUR, 600000, 1600000, 1580000, DATE_SUB(NOW(), INTERVAL 13 DAY), DATE_SUB(NOW(), INTERVAL 13 DAY) + INTERVAL 8 HOUR),
('cs200-0019', 'u200-0001-0001-0001-000000000021', DATE_SUB(NOW(), INTERVAL 12 DAY), DATE_SUB(NOW(), INTERVAL 12 DAY) + INTERVAL 9 HOUR, 270000, 720000, 730000, DATE_SUB(NOW(), INTERVAL 12 DAY), DATE_SUB(NOW(), INTERVAL 12 DAY) + INTERVAL 9 HOUR),
('cs200-0020', 'u200-0001-0001-0001-000000000022', DATE_SUB(NOW(), INTERVAL 11 DAY), DATE_SUB(NOW(), INTERVAL 11 DAY) + INTERVAL 8 HOUR, 340000, 890000, 885000, DATE_SUB(NOW(), INTERVAL 11 DAY), DATE_SUB(NOW(), INTERVAL 11 DAY) + INTERVAL 8 HOUR),
('cs200-0021', 'u200-0001-0001-0001-000000000023', DATE_SUB(NOW(), INTERVAL 10 DAY), DATE_SUB(NOW(), INTERVAL 10 DAY) + INTERVAL 9 HOUR, 410000, 1020000, 1030000, DATE_SUB(NOW(), INTERVAL 10 DAY), DATE_SUB(NOW(), INTERVAL 10 DAY) + INTERVAL 9 HOUR),
('cs200-0022', 'u200-0001-0001-0001-000000000024', DATE_SUB(NOW(), INTERVAL 9 DAY), DATE_SUB(NOW(), INTERVAL 9 DAY) + INTERVAL 8 HOUR, 290000, 780000, 775000, DATE_SUB(NOW(), INTERVAL 9 DAY), DATE_SUB(NOW(), INTERVAL 9 DAY) + INTERVAL 8 HOUR),
('cs200-0023', 'u200-0001-0001-0001-000000000002', DATE_SUB(NOW(), INTERVAL 8 DAY), DATE_SUB(NOW(), INTERVAL 8 DAY) + INTERVAL 9 HOUR, 520000, 1350000, 1360000, DATE_SUB(NOW(), INTERVAL 8 DAY), DATE_SUB(NOW(), INTERVAL 8 DAY) + INTERVAL 9 HOUR),
('cs200-0024', 'u200-0001-0001-0001-000000000025', DATE_SUB(NOW(), INTERVAL 7 DAY), DATE_SUB(NOW(), INTERVAL 7 DAY) + INTERVAL 8 HOUR, 310000, 830000, 825000, DATE_SUB(NOW(), INTERVAL 7 DAY), DATE_SUB(NOW(), INTERVAL 7 DAY) + INTERVAL 8 HOUR),
('cs200-0025', 'u200-0001-0001-0001-000000000026', DATE_SUB(NOW(), INTERVAL 6 DAY), DATE_SUB(NOW(), INTERVAL 6 DAY) + INTERVAL 9 HOUR, 440000, 1080000, 1090000, DATE_SUB(NOW(), INTERVAL 6 DAY), DATE_SUB(NOW(), INTERVAL 6 DAY) + INTERVAL 9 HOUR),
('cs200-0026', 'u200-0001-0001-0001-000000000027', DATE_SUB(NOW(), INTERVAL 5 DAY), DATE_SUB(NOW(), INTERVAL 5 DAY) + INTERVAL 8 HOUR, 360000, 930000, 920000, DATE_SUB(NOW(), INTERVAL 5 DAY), DATE_SUB(NOW(), INTERVAL 5 DAY) + INTERVAL 8 HOUR),
('cs200-0027', 'u200-0001-0001-0001-000000000002', DATE_SUB(NOW(), INTERVAL 4 DAY), DATE_SUB(NOW(), INTERVAL 4 DAY) + INTERVAL 9 HOUR, 580000, 1450000, 1460000, DATE_SUB(NOW(), INTERVAL 4 DAY), DATE_SUB(NOW(), INTERVAL 4 DAY) + INTERVAL 9 HOUR),
('cs200-0028', 'u200-0001-0001-0001-000000000028', DATE_SUB(NOW(), INTERVAL 3 DAY), DATE_SUB(NOW(), INTERVAL 3 DAY) + INTERVAL 8 HOUR, 390000, 1000000, 1005000, DATE_SUB(NOW(), INTERVAL 3 DAY), DATE_SUB(NOW(), INTERVAL 3 DAY) + INTERVAL 8 HOUR),
('cs200-0029', 'u200-0001-0001-0001-000000000029', DATE_SUB(NOW(), INTERVAL 2 DAY), DATE_SUB(NOW(), INTERVAL 2 DAY) + INTERVAL 9 HOUR, 470000, 1220000, 1210000, DATE_SUB(NOW(), INTERVAL 2 DAY), DATE_SUB(NOW(), INTERVAL 2 DAY) + INTERVAL 9 HOUR),
('cs200-0030', 'u200-0001-0001-0001-000000000030', DATE_SUB(NOW(), INTERVAL 1 DAY), DATE_SUB(NOW(), INTERVAL 1 DAY) + INTERVAL 8 HOUR, 330000, 860000, 870000, DATE_SUB(NOW(), INTERVAL 1 DAY), DATE_SUB(NOW(), INTERVAL 1 DAY) + INTERVAL 8 HOUR),
('cs200-0031', 'u200-0001-0001-0001-000000000002', NOW(), NULL, 500000, 0, NULL, NOW(), NULL),
('cs200-0032', 'u200-0001-0001-0001-000000000031', DATE_SUB(NOW(), INTERVAL 20 DAY), DATE_SUB(NOW(), INTERVAL 20 DAY) + INTERVAL 9 HOUR, 260000, 680000, 690000, DATE_SUB(NOW(), INTERVAL 20 DAY), DATE_SUB(NOW(), INTERVAL 20 DAY) + INTERVAL 9 HOUR),
('cs200-0033', 'u200-0001-0001-0001-000000000032', DATE_SUB(NOW(), INTERVAL 18 DAY), DATE_SUB(NOW(), INTERVAL 18 DAY) + INTERVAL 8 HOUR, 420000, 1120000, 1115000, DATE_SUB(NOW(), INTERVAL 18 DAY), DATE_SUB(NOW(), INTERVAL 18 DAY) + INTERVAL 8 HOUR),
('cs200-0034', 'u200-0001-0001-0001-000000000033', DATE_SUB(NOW(), INTERVAL 15 DAY), DATE_SUB(NOW(), INTERVAL 15 DAY) + INTERVAL 9 HOUR, 370000, 960000, 970000, DATE_SUB(NOW(), INTERVAL 15 DAY), DATE_SUB(NOW(), INTERVAL 15 DAY) + INTERVAL 9 HOUR),
('cs200-0035', 'u200-0001-0001-0001-000000000034', DATE_SUB(NOW(), INTERVAL 12 DAY), DATE_SUB(NOW(), INTERVAL 12 DAY) + INTERVAL 8 HOUR, 300000, 810000, 805000, DATE_SUB(NOW(), INTERVAL 12 DAY), DATE_SUB(NOW(), INTERVAL 12 DAY) + INTERVAL 8 HOUR);


INSERT INTO cash_movements (id, session_id, type, amount, note, created_at) VALUES
('cm200-0001', 'cs200-0001', 'SALE', 750000, 'Venta INV-1001', DATE_SUB(NOW(), INTERVAL 30 DAY) + INTERVAL 2 HOUR),
('cm200-0002', 'cs200-0001', 'SALE', 1150000, 'Venta INV-1002', DATE_SUB(NOW(), INTERVAL 30 DAY) + INTERVAL 4 HOUR),
('cm200-0003', 'cs200-0001', 'EXPENSE', 50000, 'Compra de café', DATE_SUB(NOW(), INTERVAL 30 DAY) + INTERVAL 6 HOUR),
('cm200-0004', 'cs200-0002', 'SALE', 850000, 'Venta INV-1003', DATE_SUB(NOW(), INTERVAL 29 DAY) + INTERVAL 1 HOUR),
('cm200-0005', 'cs200-0002', 'SALE', 1350000, 'Venta INV-1004', DATE_SUB(NOW(), INTERVAL 29 DAY) + INTERVAL 3 HOUR),
('cm200-0006', 'cs200-0002', 'EXPENSE', 30000, 'Transporte', DATE_SUB(NOW(), INTERVAL 29 DAY) + INTERVAL 7 HOUR),
('cm200-0007', 'cs200-0003', 'SALE', 790000, 'Venta INV-1005', DATE_SUB(NOW(), INTERVAL 28 DAY) + INTERVAL 2 HOUR),
('cm200-0008', 'cs200-0003', 'SALE', 580000, 'Venta INV-1006', DATE_SUB(NOW(), INTERVAL 28 DAY) + INTERVAL 5 HOUR),
('cm200-0009', 'cs200-0004', 'SALE', 1650000, 'Venta INV-1007', DATE_SUB(NOW(), INTERVAL 27 DAY) + INTERVAL 3 HOUR),
('cm200-0010', 'cs200-0004', 'EXPENSE', 20000, 'Papelería', DATE_SUB(NOW(), INTERVAL 27 DAY) + INTERVAL 7 HOUR),
('cm200-0011', 'cs200-0005', 'SALE', 2150000, 'Venta INV-1008', DATE_SUB(NOW(), INTERVAL 26 DAY) + INTERVAL 1 HOUR),
('cm200-0012', 'cs200-0005', 'SALE', 1550000, 'Venta INV-1009', DATE_SUB(NOW(), INTERVAL 26 DAY) + INTERVAL 4 HOUR),
('cm200-0013', 'cs200-0006', 'SALE', 720000, 'Venta INV-1010', DATE_SUB(NOW(), INTERVAL 25 DAY) + INTERVAL 2 HOUR),
('cm200-0014', 'cs200-0006', 'SALE', 380000, 'Venta INV-1011', DATE_SUB(NOW(), INTERVAL 25 DAY) + INTERVAL 6 HOUR),
('cm200-0015', 'cs200-0007', 'SALE', 340000, 'Venta INV-1012', DATE_SUB(NOW(), INTERVAL 24 DAY) + INTERVAL 3 HOUR),
('cm200-0016', 'cs200-0007', 'EXPENSE', 15000, 'Mantenimiento', DATE_SUB(NOW(), INTERVAL 24 DAY) + INTERVAL 7 HOUR),
('cm200-0017', 'cs200-0008', 'SALE', 620000, 'Venta INV-1013', DATE_SUB(NOW(), INTERVAL 23 DAY) + INTERVAL 2 HOUR),
('cm200-0018', 'cs200-0008', 'SALE', 310000, 'Venta INV-1014', DATE_SUB(NOW(), INTERVAL 23 DAY) + INTERVAL 5 HOUR),
('cm200-0019', 'cs200-0009', 'SALE', 95000, 'Venta INV-1015', DATE_SUB(NOW(), INTERVAL 22 DAY) + INTERVAL 1 HOUR),
('cm200-0020', 'cs200-0009', 'SALE', 125000, 'Venta INV-1016', DATE_SUB(NOW(), INTERVAL 22 DAY) + INTERVAL 4 HOUR),
('cm200-0021', 'cs200-0010', 'SALE', 55000, 'Venta INV-1017', DATE_SUB(NOW(), INTERVAL 21 DAY) + INTERVAL 2 HOUR),
('cm200-0022', 'cs200-0010', 'SALE', 110000, 'Venta INV-1018', DATE_SUB(NOW(), INTERVAL 21 DAY) + INTERVAL 6 HOUR),
('cm200-0023', 'cs200-0011', 'SALE', 180000, 'Venta INV-1019', DATE_SUB(NOW(), INTERVAL 20 DAY) + INTERVAL 3 HOUR),
('cm200-0024', 'cs200-0011', 'EXPENSE', 10000, 'Comisión', DATE_SUB(NOW(), INTERVAL 20 DAY) + INTERVAL 7 HOUR),
('cm200-0025', 'cs200-0012', 'SALE', 210000, 'Venta INV-1020', DATE_SUB(NOW(), INTERVAL 19 DAY) + INTERVAL 1 HOUR),
('cm200-0026', 'cs200-0012', 'SALE', 310000, 'Venta INV-1021', DATE_SUB(NOW(), INTERVAL 19 DAY) + INTERVAL 5 HOUR),
('cm200-0027', 'cs200-0013', 'SALE', 390000, 'Venta INV-1022', DATE_SUB(NOW(), INTERVAL 18 DAY) + INTERVAL 2 HOUR),
('cm200-0028', 'cs200-0013', 'SALE', 480000, 'Venta INV-1023', DATE_SUB(NOW(), INTERVAL 18 DAY) + INTERVAL 4 HOUR),
('cm200-0029', 'cs200-0014', 'SALE', 340000, 'Venta INV-1024', DATE_SUB(NOW(), INTERVAL 17 DAY) + INTERVAL 3 HOUR),
('cm200-0030', 'cs200-0014', 'SALE', 175000, 'Venta INV-1025', DATE_SUB(NOW(), INTERVAL 17 DAY) + INTERVAL 6 HOUR),
('cm200-0031', 'cs200-0015', 'SALE', 95000, 'Venta INV-1026', DATE_SUB(NOW(), INTERVAL 16 DAY) + INTERVAL 1 HOUR),
('cm200-0032', 'cs200-0015', 'SALE', 490000, 'Venta INV-1027', DATE_SUB(NOW(), INTERVAL 16 DAY) + INTERVAL 5 HOUR),
('cm200-0033', 'cs200-0016', 'SALE', 720000, 'Venta INV-1028', DATE_SUB(NOW(), INTERVAL 15 DAY) + INTERVAL 2 HOUR),
('cm200-0034', 'cs200-0016', 'EXPENSE', 40000, 'Publicidad', DATE_SUB(NOW(), INTERVAL 15 DAY) + INTERVAL 7 HOUR),
('cm200-0035', 'cs200-0017', 'SALE', 650000, 'Venta INV-1029', DATE_SUB(NOW(), INTERVAL 14 DAY) + INTERVAL 3 HOUR),
('cm200-0036', 'cs200-0017', 'SALE', 1150000, 'Venta INV-1030', DATE_SUB(NOW(), INTERVAL 14 DAY) + INTERVAL 6 HOUR),
('cm200-0037', 'cs200-0018', 'SALE', 880000, 'Venta INV-1031', DATE_SUB(NOW(), INTERVAL 13 DAY) + INTERVAL 2 HOUR),
('cm200-0038', 'cs200-0018', 'SALE', 125000, 'Venta INV-1032', DATE_SUB(NOW(), INTERVAL 13 DAY) + INTERVAL 5 HOUR),
('cm200-0039', 'cs200-0019', 'SALE', 260000, 'Venta INV-1033', DATE_SUB(NOW(), INTERVAL 12 DAY) + INTERVAL 1 HOUR),
('cm200-0040', 'cs200-0019', 'SALE', 450000, 'Venta INV-1034', DATE_SUB(NOW(), INTERVAL 12 DAY) + INTERVAL 4 HOUR),
('cm200-0041', 'cs200-0020', 'SALE', 105000, 'Venta INV-1035', DATE_SUB(NOW(), INTERVAL 11 DAY) + INTERVAL 3 HOUR),
('cm200-0042', 'cs200-0020', 'SALE', 720000, 'Venta INV-1036', DATE_SUB(NOW(), INTERVAL 11 DAY) + INTERVAL 6 HOUR),
('cm200-0043', 'cs200-0021', 'SALE', 990000, 'Venta INV-1037', DATE_SUB(NOW(), INTERVAL 10 DAY) + INTERVAL 2 HOUR),
('cm200-0044', 'cs200-0021', 'EXPENSE', 20000, 'Mantenimiento', DATE_SUB(NOW(), INTERVAL 10 DAY) + INTERVAL 7 HOUR),
('cm200-0045', 'cs200-0022', 'SALE', 380000, 'Venta INV-1038', DATE_SUB(NOW(), INTERVAL 9 DAY) + INTERVAL 1 HOUR),
('cm200-0046', 'cs200-0022', 'SALE', 45000, 'Venta INV-1039', DATE_SUB(NOW(), INTERVAL 9 DAY) + INTERVAL 5 HOUR),
('cm200-0047', 'cs200-0023', 'SALE', 135000, 'Venta INV-1040', DATE_SUB(NOW(), INTERVAL 8 DAY) + INTERVAL 3 HOUR),
('cm200-0048', 'cs200-0023', 'SALE', 78000, 'Venta INV-1041', DATE_SUB(NOW(), INTERVAL 8 DAY) + INTERVAL 6 HOUR),
('cm200-0049', 'cs200-0024', 'SALE', 115000, 'Venta INV-1042', DATE_SUB(NOW(), INTERVAL 7 DAY) + INTERVAL 2 HOUR),
('cm200-0050', 'cs200-0024', 'SALE', 35000, 'Venta INV-1043', DATE_SUB(NOW(), INTERVAL 7 DAY) + INTERVAL 4 HOUR),
('cm200-0051', 'cs200-0025', 'SALE', 15000, 'Venta INV-1044', DATE_SUB(NOW(), INTERVAL 6 DAY) + INTERVAL 1 HOUR),
('cm200-0052', 'cs200-0025', 'SALE', 550000, 'Venta INV-1045', DATE_SUB(NOW(), INTERVAL 6 DAY) + INTERVAL 5 HOUR),
('cm200-0053', 'cs200-0026', 'SALE', 890000, 'Venta INV-1046', DATE_SUB(NOW(), INTERVAL 5 DAY) + INTERVAL 3 HOUR),
('cm200-0054', 'cs200-0026', 'EXPENSE', 10000, 'Cafetería', DATE_SUB(NOW(), INTERVAL 5 DAY) + INTERVAL 7 HOUR),
('cm200-0055', 'cs200-0027', 'SALE', 1240000, 'Venta INV-1047', DATE_SUB(NOW(), INTERVAL 4 DAY) + INTERVAL 2 HOUR),
('cm200-0056', 'cs200-0027', 'SALE', 650000, 'Venta INV-1048', DATE_SUB(NOW(), INTERVAL 4 DAY) + INTERVAL 5 HOUR),
('cm200-0057', 'cs200-0028', 'SALE', 210000, 'Venta INV-1049', DATE_SUB(NOW(), INTERVAL 3 DAY) + INTERVAL 1 HOUR),
('cm200-0058', 'cs200-0028', 'SALE', 920000, 'Venta INV-1050', DATE_SUB(NOW(), INTERVAL 3 DAY) + INTERVAL 4 HOUR),
('cm200-0059', 'cs200-0029', 'SALE', 750000, 'Venta extra', DATE_SUB(NOW(), INTERVAL 2 DAY) + INTERVAL 3 HOUR),
('cm200-0060', 'cs200-0030', 'SALE', 450000, 'Venta menor', DATE_SUB(NOW(), INTERVAL 1 DAY) + INTERVAL 2 HOUR);


INSERT INTO cash_closures (id, opened_at, opened_by, opening_cash, opening_notes, closed_at, closed_by, counted_cash, expected_cash, total_sales, total_expenses, difference, notes) VALUES
('cc200-0001', DATE_SUB(NOW(), INTERVAL 30 DAY), 'u200-0001-0001-0001-000000000001', 500000, 'Caja inicial', DATE_SUB(NOW(), INTERVAL 30 DAY) + INTERVAL 9 HOUR, 'u200-0001-0001-0001-000000000001', 1240000, 1250000, 1900000, 50000, -10000, 'Faltante menor'),
('cc200-0002', DATE_SUB(NOW(), INTERVAL 29 DAY), 'u200-0001-0001-0001-000000000002', 300000, NULL, DATE_SUB(NOW(), INTERVAL 29 DAY) + INTERVAL 8 HOUR, 'u200-0001-0001-0001-000000000002', 960000, 950000, 2200000, 30000, 10000, 'Sobrante'),
('cc200-0003', DATE_SUB(NOW(), INTERVAL 28 DAY), 'u200-0001-0001-0001-000000000003', 400000, NULL, DATE_SUB(NOW(), INTERVAL 28 DAY) + INTERVAL 9 HOUR, 'u200-0001-0001-0001-000000000003', 1090000, 1100000, 1370000, 0, -10000, 'Faltante'),
('cc200-0004', DATE_SUB(NOW(), INTERVAL 27 DAY), 'u200-0001-0001-0001-000000000004', 200000, 'Con cambio', DATE_SUB(NOW(), INTERVAL 27 DAY) + INTERVAL 8 HOUR, 'u200-0001-0001-0001-000000000004', 805000, 800000, 1650000, 20000, 5000, 'Sobrante'),
('cc200-0005', DATE_SUB(NOW(), INTERVAL 26 DAY), 'u200-0001-0001-0001-000000000005', 600000, NULL, DATE_SUB(NOW(), INTERVAL 26 DAY) + INTERVAL 9 HOUR, 'u200-0001-0001-0001-000000000005', 1510000, 1500000, 3700000, 0, 10000, 'Sobrante'),
('cc200-0006', DATE_SUB(NOW(), INTERVAL 25 DAY), 'u200-0001-0001-0001-000000000006', 350000, NULL, DATE_SUB(NOW(), INTERVAL 25 DAY) + INTERVAL 8 HOUR, 'u200-0001-0001-0001-000000000006', 890000, 900000, 1100000, 15000, -10000, 'Faltante'),
('cc200-0007', DATE_SUB(NOW(), INTERVAL 24 DAY), 'u200-0001-0001-0001-000000000007', 250000, NULL, DATE_SUB(NOW(), INTERVAL 24 DAY) + INTERVAL 9 HOUR, 'u200-0001-0001-0001-000000000007', 710000, 700000, 340000, 0, 10000, 'Sobrante'),
('cc200-0008', DATE_SUB(NOW(), INTERVAL 23 DAY), 'u200-0001-0001-0001-000000000008', 450000, 'Caja principal', DATE_SUB(NOW(), INTERVAL 23 DAY) + INTERVAL 8 HOUR, 'u200-0001-0001-0001-000000000008', 1195000, 1200000, 930000, 0, -5000, 'Faltante'),
('cc200-0009', DATE_SUB(NOW(), INTERVAL 22 DAY), 'u200-0001-0001-0001-000000000009', 300000, NULL, DATE_SUB(NOW(), INTERVAL 22 DAY) + INTERVAL 9 HOUR, 'u200-0001-0001-0001-000000000009', 855000, 850000, 220000, 0, 5000, 'Sobrante'),
('cc200-0010', DATE_SUB(NOW(), INTERVAL 21 DAY), 'u200-0001-0001-0001-000000000010', 500000, NULL, DATE_SUB(NOW(), INTERVAL 21 DAY) + INTERVAL 8 HOUR, 'u200-0001-0001-0001-000000000010', 1290000, 1300000, 165000, 0, -10000, 'Faltante'),
('cc200-0011', DATE_SUB(NOW(), INTERVAL 20 DAY), 'u200-0001-0001-0001-000000000011', 400000, NULL, DATE_SUB(NOW(), INTERVAL 20 DAY) + INTERVAL 9 HOUR, 'u200-0001-0001-0001-000000000011', 1060000, 1050000, 180000, 10000, 10000, 'Sobrante'),
('cc200-0012', DATE_SUB(NOW(), INTERVAL 19 DAY), 'u200-0001-0001-0001-000000000012', 280000, NULL, DATE_SUB(NOW(), INTERVAL 19 DAY) + INTERVAL 8 HOUR, 'u200-0001-0001-0001-000000000012', 745000, 750000, 520000, 0, -5000, 'Faltante'),
('cc200-0013', DATE_SUB(NOW(), INTERVAL 18 DAY), 'u200-0001-0001-0001-000000000013', 550000, NULL, DATE_SUB(NOW(), INTERVAL 18 DAY) + INTERVAL 9 HOUR, 'u200-0001-0001-0001-000000000013', 1410000, 1400000, 870000, 0, 10000, 'Sobrante'),
('cc200-0014', DATE_SUB(NOW(), INTERVAL 17 DAY), 'u200-0001-0001-0001-000000000014', 320000, NULL, DATE_SUB(NOW(), INTERVAL 17 DAY) + INTERVAL 8 HOUR, 'u200-0001-0001-0001-000000000014', 875000, 880000, 515000, 0, -5000, 'Faltante'),
('cc200-0015', DATE_SUB(NOW(), INTERVAL 16 DAY), 'u200-0001-0001-0001-000000000015', 380000, NULL, DATE_SUB(NOW(), INTERVAL 16 DAY) + INTERVAL 9 HOUR, 'u200-0001-0001-0001-000000000015', 990000, 980000, 585000, 0, 10000, 'Sobrante'),
('cc200-0016', DATE_SUB(NOW(), INTERVAL 15 DAY), 'u200-0001-0001-0001-000000000016', 220000, NULL, DATE_SUB(NOW(), INTERVAL 15 DAY) + INTERVAL 8 HOUR, 'u200-0001-0001-0001-000000000016', 640000, 650000, 1210000, 40000, -10000, 'Faltante'),
('cc200-0017', DATE_SUB(NOW(), INTERVAL 14 DAY), 'u200-0001-0001-0001-000000000017', 480000, NULL, DATE_SUB(NOW(), INTERVAL 14 DAY) + INTERVAL 9 HOUR, 'u200-0001-0001-0001-000000000017', 1160000, 1150000, 1800000, 0, 10000, 'Sobrante'),
('cc200-0018', DATE_SUB(NOW(), INTERVAL 13 DAY), 'u200-0001-0001-0001-000000000018', 600000, NULL, DATE_SUB(NOW(), INTERVAL 13 DAY) + INTERVAL 8 HOUR, 'u200-0001-0001-0001-000000000018', 1580000, 1600000, 1005000, 0, -20000, 'Faltante'),
('cc200-0019', DATE_SUB(NOW(), INTERVAL 12 DAY), 'u200-0001-0001-0001-000000000019', 270000, NULL, DATE_SUB(NOW(), INTERVAL 12 DAY) + INTERVAL 9 HOUR, 'u200-0001-0001-0001-000000000019', 730000, 720000, 710000, 0, 10000, 'Sobrante'),
('cc200-0020', DATE_SUB(NOW(), INTERVAL 11 DAY), 'u200-0001-0001-0001-000000000020', 340000, NULL, DATE_SUB(NOW(), INTERVAL 11 DAY) + INTERVAL 8 HOUR, 'u200-0001-0001-0001-000000000020', 885000, 890000, 825000, 0, -5000, 'Faltante'),
('cc200-0021', DATE_SUB(NOW(), INTERVAL 10 DAY), 'u200-0001-0001-0001-000000000021', 410000, NULL, DATE_SUB(NOW(), INTERVAL 10 DAY) + INTERVAL 9 HOUR, 'u200-0001-0001-0001-000000000021', 1030000, 1020000, 990000, 20000, 10000, 'Sobrante'),
('cc200-0022', DATE_SUB(NOW(), INTERVAL 9 DAY), 'u200-0001-0001-0001-000000000022', 290000, NULL, DATE_SUB(NOW(), INTERVAL 9 DAY) + INTERVAL 8 HOUR, 'u200-0001-0001-0001-000000000022', 775000, 780000, 425000, 0, -5000, 'Faltante'),
('cc200-0023', DATE_SUB(NOW(), INTERVAL 8 DAY), 'u200-0001-0001-0001-000000000023', 520000, NULL, DATE_SUB(NOW(), INTERVAL 8 DAY) + INTERVAL 9 HOUR, 'u200-0001-0001-0001-000000000023', 1360000, 1350000, 180000, 0, 10000, 'Sobrante'),
('cc200-0024', DATE_SUB(NOW(), INTERVAL 7 DAY), 'u200-0001-0001-0001-000000000024', 310000, NULL, DATE_SUB(NOW(), INTERVAL 7 DAY) + INTERVAL 8 HOUR, 'u200-0001-0001-0001-000000000024', 825000, 830000, 150000, 0, -5000, 'Faltante'),
('cc200-0025', DATE_SUB(NOW(), INTERVAL 6 DAY), 'u200-0001-0001-0001-000000000025', 440000, NULL, DATE_SUB(NOW(), INTERVAL 6 DAY) + INTERVAL 9 HOUR, 'u200-0001-0001-0001-000000000025', 1090000, 1080000, 565000, 0, 10000, 'Sobrante'),
('cc200-0026', DATE_SUB(NOW(), INTERVAL 5 DAY), 'u200-0001-0001-0001-000000000026', 360000, NULL, DATE_SUB(NOW(), INTERVAL 5 DAY) + INTERVAL 8 HOUR, 'u200-0001-0001-0001-000000000026', 920000, 930000, 890000, 10000, -10000, 'Faltante'),
('cc200-0027', DATE_SUB(NOW(), INTERVAL 4 DAY), 'u200-0001-0001-0001-000000000027', 580000, NULL, DATE_SUB(NOW(), INTERVAL 4 DAY) + INTERVAL 9 HOUR, 'u200-0001-0001-0001-000000000027', 1460000, 1450000, 1890000, 0, 10000, 'Sobrante'),
('cc200-0028', DATE_SUB(NOW(), INTERVAL 3 DAY), 'u200-0001-0001-0001-000000000028', 390000, NULL, DATE_SUB(NOW(), INTERVAL 3 DAY) + INTERVAL 8 HOUR, 'u200-0001-0001-0001-000000000028', 1005000, 1000000, 1130000, 0, 5000, 'Sobrante'),
('cc200-0029', DATE_SUB(NOW(), INTERVAL 2 DAY), 'u200-0001-0001-0001-000000000029', 470000, NULL, DATE_SUB(NOW(), INTERVAL 2 DAY) + INTERVAL 9 HOUR, 'u200-0001-0001-0001-000000000029', 1210000, 1220000, 750000, 0, -10000, 'Faltante'),
('cc200-0030', DATE_SUB(NOW(), INTERVAL 1 DAY), 'u200-0001-0001-0001-000000000030', 330000, NULL, DATE_SUB(NOW(), INTERVAL 1 DAY) + INTERVAL 8 HOUR, 'u200-0001-0001-0001-000000000030', 870000, 860000, 450000, 0, 10000, 'Sobrante'),
('cc200-0031', DATE_SUB(NOW(), INTERVAL 20 DAY), 'u200-0001-0001-0001-000000000031', 260000, NULL, DATE_SUB(NOW(), INTERVAL 20 DAY) + INTERVAL 9 HOUR, 'u200-0001-0001-0001-000000000031', 690000, 680000, 260000, 0, 10000, 'Sobrante'),
('cc200-0032', DATE_SUB(NOW(), INTERVAL 18 DAY), 'u200-0001-0001-0001-000000000032', 420000, NULL, DATE_SUB(NOW(), INTERVAL 18 DAY) + INTERVAL 8 HOUR, 'u200-0001-0001-0001-000000000032', 1115000, 1120000, 450000, 0, -5000, 'Faltante'),
('cc200-0033', DATE_SUB(NOW(), INTERVAL 15 DAY), 'u200-0001-0001-0001-000000000033', 370000, NULL, DATE_SUB(NOW(), INTERVAL 15 DAY) + INTERVAL 9 HOUR, 'u200-0001-0001-0001-000000000033', 970000, 960000, 105000, 0, 10000, 'Sobrante'),
('cc200-0034', DATE_SUB(NOW(), INTERVAL 12 DAY), 'u200-0001-0001-0001-000000000034', 300000, NULL, DATE_SUB(NOW(), INTERVAL 12 DAY) + INTERVAL 8 HOUR, 'u200-0001-0001-0001-000000000034', 805000, 810000, 115000, 0, -5000, 'Faltante'),
('cc200-0035', NOW(), 'u200-0001-0001-0001-000000000001', 500000, 'Caja abierta', NULL, NULL, NULL, NULL, NULL, NULL, NULL, 'Sesión activa');

INSERT INTO expenses (id, date, concept, amount, notes, created_at) VALUES
('exp200-0001', DATE_SUB(NOW(), INTERVAL 30 DAY), 'Pago de luz', 150000, 'Factura marzo', NOW()),
('exp200-0002', DATE_SUB(NOW(), INTERVAL 28 DAY), 'Mantenimiento equipos', 80000, 'Limpieza laptops', NOW()),
('exp200-0003', DATE_SUB(NOW(), INTERVAL 25 DAY), 'Internet', 120000, 'Plan empresarial', NOW()),
('exp200-0004', DATE_SUB(NOW(), INTERVAL 22 DAY), 'Publicidad', 50000, 'Redes sociales', NOW()),
('exp200-0005', DATE_SUB(NOW(), INTERVAL 20 DAY), 'Compra de café', 30000, 'Oficina', NOW()),
('exp200-0006', DATE_SUB(NOW(), INTERVAL 18 DAY), 'Material de oficina', 45000, 'Papelería', NOW()),
('exp200-0007', DATE_SUB(NOW(), INTERVAL 15 DAY), 'Transporte', 60000, 'Envios', NOW()),
('exp200-0008', DATE_SUB(NOW(), INTERVAL 12 DAY), 'Seguridad', 100000, 'Cámaras', NOW()),
('exp200-0009', DATE_SUB(NOW(), INTERVAL 10 DAY), 'Software', 200000, 'Licencias anuales', NOW()),
('exp200-0010', DATE_SUB(NOW(), INTERVAL 8 DAY), 'Capacitación', 75000, 'Curso de ventas', NOW()),
('exp200-0011', DATE_SUB(NOW(), INTERVAL 5 DAY), 'Agua', 80000, 'Factura marzo', NOW()),
('exp200-0012', DATE_SUB(NOW(), INTERVAL 3 DAY), 'Teléfono', 90000, 'Línea fija', NOW()),
('exp200-0013', DATE_SUB(NOW(), INTERVAL 29 DAY), 'Papelería', 25000, 'Cuadernos', NOW()),
('exp200-0014', DATE_SUB(NOW(), INTERVAL 27 DAY), 'Mantenimiento impresora', 120000, 'Cambio tóner', NOW()),
('exp200-0015', DATE_SUB(NOW(), INTERVAL 24 DAY), 'Publicidad Google', 150000, 'Ads', NOW()),
('exp200-0016', DATE_SUB(NOW(), INTERVAL 21 DAY), 'Gasolina', 70000, 'Vehículo reparto', NOW()),
('exp200-0017', DATE_SUB(NOW(), INTERVAL 19 DAY), 'Hosting', 60000, 'Servidor', NOW()),
('exp200-0018', DATE_SUB(NOW(), INTERVAL 16 DAY), 'Dominio', 20000, 'Renovación', NOW()),
('exp200-0019', DATE_SUB(NOW(), INTERVAL 14 DAY), 'Soporte técnico', 180000, 'Mesa de ayuda', NOW()),
('exp200-0020', DATE_SUB(NOW(), INTERVAL 11 DAY), 'Limpieza', 40000, 'Oficina', NOW()),
('exp200-0021', DATE_SUB(NOW(), INTERVAL 9 DAY), 'Cafetería', 35000, 'Insumos', NOW()),
('exp200-0022', DATE_SUB(NOW(), INTERVAL 6 DAY), 'Reparaciones', 95000, 'Equipo dañado', NOW()),
('exp200-0023', DATE_SUB(NOW(), INTERVAL 4 DAY), 'Extintores', 50000, 'Mantenimiento', NOW()),
('exp200-0024', DATE_SUB(NOW(), INTERVAL 2 DAY), 'Varios', 25000, 'Imprevistos', NOW()),
('exp200-0025', DATE_SUB(NOW(), INTERVAL 26 DAY), 'Fletes', 110000, 'Transporte', NOW()),
('exp200-0026', DATE_SUB(NOW(), INTERVAL 23 DAY), 'Comisiones', 80000, 'Vendedores', NOW()),
('exp200-0027', DATE_SUB(NOW(), INTERVAL 17 DAY), 'Marketing', 130000, 'Flyers', NOW()),
('exp200-0028', DATE_SUB(NOW(), INTERVAL 13 DAY), 'Electricidad', 170000, 'Febrero', NOW()),
('exp200-0029', DATE_SUB(NOW(), INTERVAL 7 DAY), 'Internet', 120000, 'Fibra óptica', NOW()),
('exp200-0030', DATE_SUB(NOW(), INTERVAL 1 DAY), 'Agua', 80000, 'Febrero', NOW()),
('exp200-0031', DATE_SUB(NOW(), INTERVAL 20 DAY), 'Mantenimiento PC', 60000, 'Limpieza', NOW()),
('exp200-0032', DATE_SUB(NOW(), INTERVAL 15 DAY), 'Software antivirus', 45000, 'Renovación', NOW()),
('exp200-0033', DATE_SUB(NOW(), INTERVAL 10 DAY), 'Papelería', 32000, 'Tóner', NOW()),
('exp200-0034', DATE_SUB(NOW(), INTERVAL 5 DAY), 'Transporte', 55000, 'Paquetería', NOW()),
('exp200-0035', DATE_SUB(NOW(), INTERVAL 0 DAY), 'Varios', 15000, 'Útiles', NOW());

INSERT INTO purchases (id, supplier_id, user_id, invoice_ref, date, subtotal, total, notes, created_at) VALUES
('pur200-0001', 's200-0001-0001-0001-000000000001', 'u200-0001-0001-0001-000000000001', 'COMP-0001', DATE_SUB(NOW(), INTERVAL 50 DAY), 1500000, 1500000, 'Compra inicial laptops', NOW()),
('pur200-0002', 's200-0001-0001-0001-000000000002', 'u200-0001-0001-0001-000000000002', 'COMP-0002', DATE_SUB(NOW(), INTERVAL 45 DAY), 800000, 800000, 'Monitores', NOW()),
('pur200-0003', 's200-0001-0001-0001-000000000003', 'u200-0001-0001-0001-000000000003', 'COMP-0003', DATE_SUB(NOW(), INTERVAL 40 DAY), 300000, 300000, 'Accesorios varios', NOW()),
('pur200-0004', 's200-0001-0001-0001-000000000004', 'u200-0001-0001-0001-000000000004', 'COMP-0004', DATE_SUB(NOW(), INTERVAL 38 DAY), 2200000, 2200000, 'Laptops HP', NOW()),
('pur200-0005', 's200-0001-0001-0001-000000000005', 'u200-0001-0001-0001-000000000005', 'COMP-0005', DATE_SUB(NOW(), INTERVAL 35 DAY), 600000, 600000, 'Discos duros', NOW()),
('pur200-0006', 's200-0001-0001-0001-000000000006', 'u200-0001-0001-0001-000000000006', 'COMP-0006', DATE_SUB(NOW(), INTERVAL 32 DAY), 950000, 950000, 'Memorias RAM', NOW()),
('pur200-0007', 's200-0001-0001-0001-000000000007', 'u200-0001-0001-0001-000000000007', 'COMP-0007', DATE_SUB(NOW(), INTERVAL 30 DAY), 450000, 450000, 'Teclados y mice', NOW()),
('pur200-0008', 's200-0001-0001-0001-000000000008', 'u200-0001-0001-0001-000000000008', 'COMP-0008', DATE_SUB(NOW(), INTERVAL 28 DAY), 1800000, 1800000, 'Impresoras', NOW()),
('pur200-0009', 's200-0001-0001-0001-000000000009', 'u200-0001-0001-0001-000000000009', 'COMP-0009', DATE_SUB(NOW(), INTERVAL 25 DAY), 700000, 700000, 'Webcams', NOW()),
('pur200-0010', 's200-0001-0001-0001-000000000010', 'u200-0001-0001-0001-000000000010', 'COMP-0010', DATE_SUB(NOW(), INTERVAL 22 DAY), 250000, 250000, 'Cables y adaptadores', NOW()),
('pur200-0011', 's200-0001-0001-0001-000000000011', 'u200-0001-0001-0001-000000000011', 'COMP-0011', DATE_SUB(NOW(), INTERVAL 20 DAY), 1200000, 1200000, 'Tablets', NOW()),
('pur200-0012', 's200-0001-0001-0001-000000000012', 'u200-0001-0001-0001-000000000012', 'COMP-0012', DATE_SUB(NOW(), INTERVAL 18 DAY), 900000, 900000, 'Proyectores', NOW()),
('pur200-0013', 's200-0001-0001-0001-000000000013', 'u200-0001-0001-0001-000000000013', 'COMP-0013', DATE_SUB(NOW(), INTERVAL 15 DAY), 350000, 350000, 'Audífonos', NOW()),
('pur200-0014', 's200-0001-0001-0001-000000000014', 'u200-0001-0001-0001-000000000014', 'COMP-0014', DATE_SUB(NOW(), INTERVAL 12 DAY), 500000, 500000, 'Cargadores', NOW()),
('pur200-0015', 's200-0001-0001-0001-000000000015', 'u200-0001-0001-0001-000000000015', 'COMP-0015', DATE_SUB(NOW(), INTERVAL 10 DAY), 2800000, 2800000, 'MacBooks', NOW()),
('pur200-0016', 's200-0001-0001-0001-000000000016', 'u200-0001-0001-0001-000000000016', 'COMP-0016', DATE_SUB(NOW(), INTERVAL 8 DAY), 650000, 650000, 'SSDs', NOW()),
('pur200-0017', 's200-0001-0001-0001-000000000017', 'u200-0001-0001-0001-000000000017', 'COMP-0017', DATE_SUB(NOW(), INTERVAL 5 DAY), 430000, 430000, 'Mousepad y bases', NOW()),
('pur200-0018', 's200-0001-0001-0001-000000000018', 'u200-0001-0001-0001-000000000018', 'COMP-0018', DATE_SUB(NOW(), INTERVAL 3 DAY), 770000, 770000, 'Monitores adicionales', NOW()),
('pur200-0019', 's200-0001-0001-0001-000000000019', 'u200-0001-0001-0001-000000000019', 'COMP-0019', DATE_SUB(NOW(), INTERVAL 1 DAY), 150000, 150000, 'Papelería', NOW()),
('pur200-0020', 's200-0001-0001-0001-000000000020', 'u200-0001-0001-0001-000000000020', 'COMP-0020', DATE_SUB(NOW(), INTERVAL 48 DAY), 920000, 920000, 'Laptops Lenovo', NOW()),
('pur200-0021', 's200-0001-0001-0001-000000000021', 'u200-0001-0001-0001-000000000021', 'COMP-0021', DATE_SUB(NOW(), INTERVAL 42 DAY), 370000, 370000, 'Teclados mecánicos', NOW()),
('pur200-0022', 's200-0001-0001-0001-000000000022', 'u200-0001-0001-0001-000000000022', 'COMP-0022', DATE_SUB(NOW(), INTERVAL 36 DAY), 2100000, 2100000, 'iPads', NOW()),
('pur200-0023', 's200-0001-0001-0001-000000000023', 'u200-0001-0001-0001-000000000023', 'COMP-0023', DATE_SUB(NOW(), INTERVAL 33 DAY), 560000, 560000, 'Discos externos', NOW()),
('pur200-0024', 's200-0001-0001-0001-000000000024', 'u200-0001-0001-0001-000000000024', 'COMP-0024', DATE_SUB(NOW(), INTERVAL 29 DAY), 980000, 980000, 'Cámaras seguridad', NOW()),
('pur200-0025', 's200-0001-0001-0001-000000000025', 'u200-0001-0001-0001-000000000025', 'COMP-0025', DATE_SUB(NOW(), INTERVAL 26 DAY), 310000, 310000, 'Power banks', NOW()),
('pur200-0026', 's200-0001-0001-0001-000000000026', 'u200-0001-0001-0001-000000000026', 'COMP-0026', DATE_SUB(NOW(), INTERVAL 23 DAY), 1450000, 1450000, 'Laptops Dell', NOW()),
('pur200-0027', 's200-0001-0001-0001-000000000027', 'u200-0001-0001-0001-000000000027', 'COMP-0027', DATE_SUB(NOW(), INTERVAL 19 DAY), 820000, 820000, 'Monitores 27"', NOW()),
('pur200-0028', 's200-0001-0001-0001-000000000028', 'u200-0001-0001-0001-000000000028', 'COMP-0028', DATE_SUB(NOW(), INTERVAL 14 DAY), 400000, 400000, 'Mice inalámbricos', NOW()),
('pur200-0029', 's200-0001-0001-0001-000000000029', 'u200-0001-0001-0001-000000000029', 'COMP-0029', DATE_SUB(NOW(), INTERVAL 11 DAY), 670000, 670000, 'Soportes para monitor', NOW()),
('pur200-0030', 's200-0001-0001-0001-000000000030', 'u200-0001-0001-0001-000000000030', 'COMP-0030', DATE_SUB(NOW(), INTERVAL 7 DAY), 2500000, 2500000, 'Servidores', NOW()),
('pur200-0031', 's200-0001-0001-0001-000000000031', 'u200-0001-0001-0001-000000000031', 'COMP-0031', DATE_SUB(NOW(), INTERVAL 4 DAY), 540000, 540000, 'Router y switches', NOW()),
('pur200-0032', 's200-0001-0001-0001-000000000032', 'u200-0001-0001-0001-000000000032', 'COMP-0032', DATE_SUB(NOW(), INTERVAL 2 DAY), 380000, 380000, 'Baterías externas', NOW()),
('pur200-0033', 's200-0001-0001-0001-000000000033', 'u200-0001-0001-0001-000000000033', 'COMP-0033', DATE_SUB(NOW(), INTERVAL 0 DAY), 720000, 720000, 'Proyectores Epson', NOW()),
('pur200-0034', 's200-0001-0001-0001-000000000034', 'u200-0001-0001-0001-000000000034', 'COMP-0034', DATE_SUB(NOW(), INTERVAL 40 DAY), 990000, 990000, 'Laptops Acer', NOW()),
('pur200-0035', 's200-0001-0001-0001-000000000035', 'u200-0001-0001-0001-000000000035', 'COMP-0035', DATE_SUB(NOW(), INTERVAL 30 DAY), 470000, 470000, 'Adaptadores USB', NOW());


INSERT INTO purchase_items (id, purchase_id, product_id, qty, unit_cost, line_total) VALUES
('pi200-0001', 'pur200-0001', 'p200-0001-0001-0001-000000000001', 2, 500000, 1000000),
('pi200-0002', 'pur200-0001', 'p200-0001-0001-0001-000000000002', 1, 800000, 800000),
('pi200-0003', 'pur200-0002', 'p200-0001-0001-0001-000000000011', 2, 250000, 500000),
('pi200-0004', 'pur200-0002', 'p200-0001-0001-0001-000000000012', 1, 220000, 220000),
('pi200-0005', 'pur200-0003', 'p200-0001-0001-0001-000000000015', 3, 60000, 180000),
('pi200-0006', 'pur200-0003', 'p200-0001-0001-0001-000000000016', 2, 80000, 160000),
('pi200-0007', 'pur200-0004', 'p200-0001-0001-0001-000000000003', 2, 600000, 1200000),
('pi200-0008', 'pur200-0004', 'p200-0001-0001-0001-000000000004', 1, 950000, 950000),
('pi200-0009', 'pur200-0005', 'p200-0001-0001-0001-000000000020', 3, 150000, 450000),
('pi200-0010', 'pur200-0005', 'p200-0001-0001-0001-000000000021', 1, 220000, 220000),
('pi200-0011', 'pur200-0006', 'p200-0001-0001-0001-000000000024', 5, 60000, 300000),
('pi200-0012', 'pur200-0006', 'p200-0001-0001-0001-000000000025', 3, 120000, 360000),
('pi200-0013', 'pur200-0007', 'p200-0001-0001-0001-000000000017', 4, 35000, 140000),
('pi200-0014', 'pur200-0007', 'p200-0001-0001-0001-000000000018', 2, 70000, 140000),
('pi200-0015', 'pur200-0008', 'p200-0001-0001-0001-000000000027', 2, 350000, 700000),
('pi200-0016', 'pur200-0008', 'p200-0001-0001-0001-000000000028', 1, 550000, 550000),
('pi200-0017', 'pur200-0009', 'p200-0001-0001-0001-000000000030', 3, 80000, 240000),
('pi200-0018', 'pur200-0009', 'p200-0001-0001-0001-000000000031', 2, 75000, 150000),
('pi200-0019', 'pur200-0010', 'p200-0001-0001-0001-000000000035', 5, 20000, 100000),
('pi200-0020', 'pur200-0010', 'p200-0001-0001-0001-000000000036', 10, 8000, 80000),
('pi200-0021', 'pur200-0011', 'p200-0001-0001-0001-000000000041', 3, 300000, 900000),
('pi200-0022', 'pur200-0011', 'p200-0001-0001-0001-000000000042', 1, 750000, 750000),
('pi200-0023', 'pur200-0012', 'p200-0001-0001-0001-000000000044', 1, 500000, 500000),
('pi200-0024', 'pur200-0012', 'p200-0001-0001-0001-000000000045', 1, 450000, 450000),
('pi200-0025', 'pur200-0013', 'p200-0001-0001-0001-000000000032', 5, 30000, 150000),
('pi200-0026', 'pur200-0013', 'p200-0001-0001-0001-000000000033', 2, 90000, 180000),
('pi200-0027', 'pur200-0014', 'p200-0001-0001-0001-000000000035', 10, 20000, 200000),
('pi200-0028', 'pur200-0014', 'p200-0001-0001-0001-000000000037', 3, 70000, 210000),
('pi200-0029', 'pur200-0015', 'p200-0001-0001-0001-000000000007', 2, 1200000, 2400000),
('pi200-0030', 'pur200-0015', 'p200-0001-0001-0001-000000000008', 1, 1600000, 1600000),
('pi200-0031', 'pur200-0016', 'p200-0001-0001-0001-000000000022', 2, 280000, 560000),
('pi200-0032', 'pur200-0016', 'p200-0001-0001-0001-000000000023', 1, 350000, 350000),
('pi200-0033', 'pur200-0017', 'p200-0001-0001-0001-000000000015', 3, 60000, 180000),
('pi200-0034', 'pur200-0017', 'p200-0001-0001-0001-000000000016', 2, 80000, 160000),
('pi200-0035', 'pur200-0018', 'p200-0001-0001-0001-000000000013', 1, 450000, 450000),
('pi200-0036', 'pur200-0018', 'p200-0001-0001-0001-000000000014', 2, 200000, 400000),
('pi200-0037', 'pur200-0019', 'p200-0001-0001-0001-000000000036', 10, 8000, 80000),
('pi200-0038', 'pur200-0019', 'p200-0001-0001-0001-000000000019', 1, 120000, 120000),
('pi200-0039', 'pur200-0020', 'p200-0001-0001-0001-000000000005', 1, 550000, 550000),
('pi200-0040', 'pur200-0020', 'p200-0001-0001-0001-000000000006', 2, 400000, 800000),
('pi200-0041', 'pur200-0021', 'p200-0001-0001-0001-000000000018', 3, 70000, 210000),
('pi200-0042', 'pur200-0021', 'p200-0001-0001-0001-000000000019', 1, 120000, 120000),
('pi200-0043', 'pur200-0022', 'p200-0001-0001-0001-000000000042', 2, 750000, 1500000),
('pi200-0044', 'pur200-0022', 'p200-0001-0001-0001-000000000043', 1, 180000, 180000),
('pi200-0045', 'pur200-0023', 'p200-0001-0001-0001-000000000020', 2, 150000, 300000),
('pi200-0046', 'pur200-0023', 'p200-0001-0001-0001-000000000021', 1, 220000, 220000),
('pi200-0047', 'pur200-0024', 'p200-0001-0001-0001-000000000030', 4, 80000, 320000),
('pi200-0048', 'pur200-0024', 'p200-0001-0001-0001-000000000031', 3, 75000, 225000),
('pi200-0049', 'pur200-0025', 'p200-0001-0001-0001-000000000037', 4, 70000, 280000),
('pi200-0050', 'pur200-0025', 'p200-0001-0001-0001-000000000035', 2, 20000, 40000),
('pi200-0051', 'pur200-0026', 'p200-0001-0001-0001-000000000001', 2, 500000, 1000000),
('pi200-0052', 'pur200-0026', 'p200-0001-0001-0001-000000000002', 1, 800000, 800000),
('pi200-0053', 'pur200-0027', 'p200-0001-0001-0001-000000000011', 2, 250000, 500000),
('pi200-0054', 'pur200-0027', 'p200-0001-0001-0001-000000000012', 1, 220000, 220000),
('pi200-0055', 'pur200-0028', 'p200-0001-0001-0001-000000000016', 5, 80000, 400000),
('pi200-0056', 'pur200-0029', 'p200-0001-0001-0001-000000000013', 1, 450000, 450000),
('pi200-0057', 'pur200-0029', 'p200-0001-0001-0001-000000000014', 1, 200000, 200000),
('pi200-0058', 'pur200-0030', 'p200-0001-0001-0001-000000000009', 2, 1100000, 2200000),
('pi200-0059', 'pur200-0030', 'p200-0001-0001-0001-000000000010', 1, 480000, 480000),
('pi200-0060', 'pur200-0031', 'p200-0001-0001-0001-000000000025', 3, 120000, 360000),
('pi200-0061', 'pur200-0031', 'p200-0001-0001-0001-000000000026', 1, 240000, 240000),
('pi200-0062', 'pur200-0032', 'p200-0001-0001-0001-000000000037', 5, 70000, 350000),
('pi200-0063', 'pur200-0032', 'p200-0001-0001-0001-000000000035', 2, 20000, 40000),
('pi200-0064', 'pur200-0033', 'p200-0001-0001-0001-000000000044', 1, 500000, 500000),
('pi200-0065', 'pur200-0033', 'p200-0001-0001-0001-000000000045', 1, 450000, 450000),
('pi200-0066', 'pur200-0034', 'p200-0001-0001-0001-000000000010', 2, 480000, 960000),
('pi200-0067', 'pur200-0034', 'p200-0001-0001-0001-000000000038', 1, 700000, 700000),
('pi200-0068', 'pur200-0035', 'p200-0001-0001-0001-000000000036', 15, 8000, 120000),
('pi200-0069', 'pur200-0035', 'p200-0001-0001-0001-000000000034', 2, 50000, 100000);

INSERT INTO audit_logs (id, actor_user_id, action, entity_type, entity_id, metadata, created_at) VALUES
('aud200-0001', 'u200-0001-0001-0001-000000000001', 'CREATE', 'PRODUCT', 'p200-0001-0001-0001-000000000001', '{"price":750000}', DATE_SUB(NOW(), INTERVAL 50 DAY)),
('aud200-0002', 'u200-0001-0001-0001-000000000002', 'SALE', 'SALE', 'sal200-0001', '{"total":750000}', DATE_SUB(NOW(), INTERVAL 29 DAY)),
('aud200-0003', 'u200-0001-0001-0001-000000000003', 'UPDATE', 'PRODUCT', 'p200-0001-0001-0001-000000000016', '{"stock":15}', DATE_SUB(NOW(), INTERVAL 28 DAY)),
('aud200-0004', 'u200-0001-0001-0001-000000000004', 'DELETE', 'PRODUCT', 'p200-0001-0001-0001-000000000999', '{"reason":"discontinued"}', DATE_SUB(NOW(), INTERVAL 27 DAY)),
('aud200-0005', 'u200-0001-0001-0001-000000000005', 'LOGIN', 'USER', 'u200-0001-0001-0001-000000000005', '{"ip":"192.168.1.10"}', DATE_SUB(NOW(), INTERVAL 26 DAY)),
('aud200-0006', 'u200-0001-0001-0001-000000000006', 'CREATE', 'SUPPLIER', 's200-0001-0001-0001-000000000001', '{"name":"Distribuidora TECNO"}', DATE_SUB(NOW(), INTERVAL 25 DAY)),
('aud200-0007', 'u200-0001-0001-0001-000000000007', 'UPDATE', 'SALE', 'sal200-0005', '{"discount":50000}', DATE_SUB(NOW(), INTERVAL 24 DAY)),
('aud200-0008', 'u200-0001-0001-0001-000000000008', 'CREATE', 'PURCHASE', 'pur200-0001', '{"total":1500000}', DATE_SUB(NOW(), INTERVAL 23 DAY)),
('aud200-0009', 'u200-0001-0001-0001-000000000009', 'LOGOUT', 'USER', 'u200-0001-0001-0001-000000000009', '{}', DATE_SUB(NOW(), INTERVAL 22 DAY)),
('aud200-0010', 'u200-0001-0001-0001-000000000010', 'CREATE', 'CASH_SESSION', 'cs200-0001', '{"opening_cash":500000}', DATE_SUB(NOW(), INTERVAL 30 DAY)),
('aud200-0011', 'u200-0001-0001-0001-000000000011', 'UPDATE', 'PRODUCT', 'p200-0001-0001-0001-000000000020', '{"stock":35}', DATE_SUB(NOW(), INTERVAL 20 DAY)),
('aud200-0012', 'u200-0001-0001-0001-000000000012', 'SALE_RETURN', 'SALE_RETURN', 'sr200-0001', '{"total_returned":1100000}', DATE_SUB(NOW(), INTERVAL 27 DAY)),
('aud200-0013', 'u200-0001-0001-0001-000000000013', 'CREATE', 'EXPENSE', 'exp200-0001', '{"amount":150000}', DATE_SUB(NOW(), INTERVAL 30 DAY)),
('aud200-0014', 'u200-0001-0001-0001-000000000014', 'UPDATE', 'SUPPLIER', 's200-0001-0001-0001-000000000002', '{"phone":"3222222222"}', DATE_SUB(NOW(), INTERVAL 18 DAY)),
('aud200-0015', 'u200-0001-0001-0001-000000000015', 'CREATE', 'SUSPENDED_SALE', 'ss200-0001', '{"total":750000}', DATE_SUB(NOW(), INTERVAL 16 DAY)),
('aud200-0016', 'u200-0001-0001-0001-000000000016', 'DELETE', 'SUSPENDED_SALE', 'ss200-0001', '{}', DATE_SUB(NOW(), INTERVAL 15 DAY)),
('aud200-0017', 'u200-0001-0001-0001-000000000017', 'LOGIN', 'USER', 'u200-0001-0001-0001-000000000017', '{"ip":"10.0.0.5"}', DATE_SUB(NOW(), INTERVAL 14 DAY)),
('aud200-0018', 'u200-0001-0001-0001-000000000018', 'CREATE', 'PRODUCT', 'p200-0001-0001-0001-000000000045', '{"sale_price":650000}', DATE_SUB(NOW(), INTERVAL 12 DAY)),
('aud200-0019', 'u200-0001-0001-0001-000000000019', 'UPDATE', 'SALE', 'sal200-0010', '{"total":700000}', DATE_SUB(NOW(), INTERVAL 11 DAY)),
('aud200-0020', 'u200-0001-0001-0001-000000000020', 'CREATE', 'PURCHASE', 'pur200-0005', '{"total":600000}', DATE_SUB(NOW(), INTERVAL 35 DAY)),
('aud200-0021', 'u200-0001-0001-0001-000000000021', 'LOGOUT', 'USER', 'u200-0001-0001-0001-000000000021', '{}', DATE_SUB(NOW(), INTERVAL 9 DAY)),
('aud200-0022', 'u200-0001-0001-0001-000000000022', 'CREATE', 'CASH_CLOSURE', 'cc200-0001', '{"difference":-10000}', DATE_SUB(NOW(), INTERVAL 30 DAY)),
('aud200-0023', 'u200-0001-0001-0001-000000000023', 'UPDATE', 'PRODUCT', 'p200-0001-0001-0001-000000000030', '{"stock":25}', DATE_SUB(NOW(), INTERVAL 7 DAY)),
('aud200-0024', 'u200-0001-0001-0001-000000000024', 'CREATE', 'SALE', 'sal200-0020', '{"total":210000}', DATE_SUB(NOW(), INTERVAL 10 DAY)),
('aud200-0025', 'u200-0001-0001-0001-000000000025', 'SALE_RETURN', 'SALE_RETURN_ITEM', 'sri200-0001', '{}', DATE_SUB(NOW(), INTERVAL 27 DAY)),
('aud200-0026', 'u200-0001-0001-0001-000000000026', 'CREATE', 'EXPENSE', 'exp200-0010', '{"amount":75000}', DATE_SUB(NOW(), INTERVAL 8 DAY)),
('aud200-0027', 'u200-0001-0001-0001-000000000027', 'UPDATE', 'SUPPLIER', 's200-0001-0001-0001-000000000010', '{"active":1}', DATE_SUB(NOW(), INTERVAL 5 DAY)),
('aud200-0028', 'u200-0001-0001-0001-000000000028', 'LOGIN', 'USER', 'u200-0001-0001-0001-000000000028', '{"ip":"172.16.0.2"}', DATE_SUB(NOW(), INTERVAL 4 DAY)),
('aud200-0029', 'u200-0001-0001-0001-000000000029', 'CREATE', 'PRODUCT', 'p200-0001-0001-0001-000000000039', '{"name":"Huawei MateBook"}', DATE_SUB(NOW(), INTERVAL 3 DAY)),
('aud200-0030', 'u200-0001-0001-0001-000000000030', 'UPDATE', 'SALE', 'sal200-0030', '{"payment_method":"EFECTIVO"}', DATE_SUB(NOW(), INTERVAL 2 DAY)),
('aud200-0031', 'u200-0001-0001-0001-000000000031', 'DELETE', 'PRODUCT', 'p200-0001-0001-0001-000000000888', '{}', DATE_SUB(NOW(), INTERVAL 1 DAY)),
('aud200-0032', 'u200-0001-0001-0001-000000000032', 'CREATE', 'CASH_MOVEMENT', 'cm200-0001', '{"amount":750000}', DATE_SUB(NOW(), INTERVAL 30 DAY)),
('aud200-0033', 'u200-0001-0001-0001-000000000033', 'LOGOUT', 'USER', 'u200-0001-0001-0001-000000000033', '{}', NOW() - INTERVAL 1 HOUR),
('aud200-0034', 'u200-0001-0001-0001-000000000034', 'CREATE', 'PURCHASE_ITEM', 'pi200-0001', '{}', DATE_SUB(NOW(), INTERVAL 50 DAY)),
('aud200-0035', 'u200-0001-0001-0001-000000000035', 'UPDATE', 'PRODUCT', 'p200-0001-0001-0001-000000000001', '{"stock":12}', DATE_SUB(NOW(), INTERVAL 40 DAY)),
('aud200-0036', 'u200-0001-0001-0001-000000000001', 'CREATE', 'USER', 'u200-0001-0001-0001-000000000036', '{"role":"CASHIER"}', DATE_SUB(NOW(), INTERVAL 20 DAY)),
('aud200-0037', 'u200-0001-0001-0001-000000000002', 'SALE', 'SALE', 'sal200-0035', '{"total":105000}', DATE_SUB(NOW(), INTERVAL 24 DAY)),
('aud200-0038', 'u200-0001-0001-0001-000000000003', 'UPDATE', 'SUPPLIER', 's200-0001-0001-0001-000000000005', '{"contact_name":"Luis Fernández"}', DATE_SUB(NOW(), INTERVAL 30 DAY)),
('aud200-0039', 'u200-0001-0001-0001-000000000004', 'CREATE', 'EXPENSE', 'exp200-0020', '{"amount":40000}', DATE_SUB(NOW(), INTERVAL 11 DAY)),
('aud200-0040', 'u200-0001-0001-0001-000000000005', 'LOGIN', 'USER', 'u200-0001-0001-0001-000000000005', '{"ip":"192.168.0.100"}', DATE_SUB(NOW(), INTERVAL 6 DAY)),
('aud200-0041', 'u200-0001-0001-0001-000000000006', 'CREATE', 'SUSPENDED_SALE', 'ss200-0002', '{}', DATE_SUB(NOW(), INTERVAL 5 DAY)),
('aud200-0042', 'u200-0001-0001-0001-000000000007', 'UPDATE', 'PRODUCT', 'p200-0001-0001-0001-000000000015', '{"sale_price":95000}', DATE_SUB(NOW(), INTERVAL 15 DAY)),
('aud200-0043', 'u200-0001-0001-0001-000000000008', 'DELETE', 'SALE_RETURN', 'sr200-0005', '{}', DATE_SUB(NOW(), INTERVAL 10 DAY)),
('aud200-0044', 'u200-0001-0001-0001-000000000009', 'CREATE', 'CASH_CLOSURE', 'cc200-0010', '{}', DATE_SUB(NOW(), INTERVAL 21 DAY)),
('aud200-0045', 'u200-0001-0001-0001-000000000010', 'LOGOUT', 'USER', 'u200-0001-0001-0001-000000000010', '{}', NOW() - INTERVAL 2 HOUR),
('aud200-0046', 'u200-0001-0001-0001-000000000011', 'CREATE', 'SALE_ITEM', 'si200-0010', '{}', DATE_SUB(NOW(), INTERVAL 20 DAY)),
('aud200-0047', 'u200-0001-0001-0001-000000000012', 'UPDATE', 'PURCHASE', 'pur200-0010', '{"total":250000}', DATE_SUB(NOW(), INTERVAL 22 DAY)),
('aud200-0048', 'u200-0001-0001-0001-000000000013', 'CREATE', 'PRODUCT', 'p200-0001-0001-0001-000000000046', '{"name":"Nuevo Producto"}', DATE_SUB(NOW(), INTERVAL 1 DAY)),
('aud200-0049', 'u200-0001-0001-0001-000000000014', 'LOGIN', 'USER', 'u200-0001-0001-0001-000000000014', '{"ip":"10.0.1.5"}', NOW()),
('aud200-0050', 'u200-0001-0001-0001-000000000015', 'CREATE', 'CASH_MOVEMENT', 'cm200-0060', '{"amount":450000}', DATE_SUB(NOW(), INTERVAL 1 DAY));

INSERT INTO suspended_sales (id, temp_number, user_id, customer_name, customer_id, subtotal, discount, total, payment_method, created_at, updated_at) VALUES
('ss200-0001', 'TEMP-001', 'u200-0001-0001-0001-000000000002', 'Carlos Pérez', 'CC-12345', 750000, 0, 750000, 'EFECTIVO', DATE_SUB(NOW(), INTERVAL 25 DAY), DATE_SUB(NOW(), INTERVAL 25 DAY)),
('ss200-0002', 'TEMP-002', 'u200-0001-0001-0001-000000000003', NULL, NULL, 1150000, 50000, 1100000, 'TARJETA', DATE_SUB(NOW(), INTERVAL 23 DAY), DATE_SUB(NOW(), INTERVAL 23 DAY)),
('ss200-0003', 'TEMP-003', 'u200-0001-0001-0001-000000000005', 'Ana Gómez', 'NIT-67890', 850000, 0, 850000, 'TRANSFERENCIA', DATE_SUB(NOW(), INTERVAL 22 DAY), DATE_SUB(NOW(), INTERVAL 22 DAY)),
('ss200-0004', 'TEMP-004', 'u200-0001-0001-0001-000000000006', 'Luis Martínez', 'CC-54321', 1350000, 100000, 1250000, 'EFECTIVO', DATE_SUB(NOW(), INTERVAL 20 DAY), DATE_SUB(NOW(), INTERVAL 20 DAY)),
('ss200-0005', 'TEMP-005', 'u200-0001-0001-0001-000000000002', NULL, NULL, 790000, 0, 790000, 'TARJETA', DATE_SUB(NOW(), INTERVAL 18 DAY), DATE_SUB(NOW(), INTERVAL 18 DAY)),
('ss200-0006', 'TEMP-006', 'u200-0001-0001-0001-000000000009', 'Sofía López', 'CC-11111', 580000, 20000, 560000, 'EFECTIVO', DATE_SUB(NOW(), INTERVAL 17 DAY), DATE_SUB(NOW(), INTERVAL 17 DAY)),
('ss200-0007', 'TEMP-007', 'u200-0001-0001-0001-000000000010', 'Javier Ruiz', 'NIT-22222', 1650000, 0, 1650000, 'TRANSFERENCIA', DATE_SUB(NOW(), INTERVAL 15 DAY), DATE_SUB(NOW(), INTERVAL 15 DAY)),
('ss200-0008', 'TEMP-008', 'u200-0001-0001-0001-000000000002', 'Cliente Anónimo', NULL, 2150000, 150000, 2000000, 'EFECTIVO', DATE_SUB(NOW(), INTERVAL 14 DAY), DATE_SUB(NOW(), INTERVAL 14 DAY)),
('ss200-0009', 'TEMP-009', 'u200-0001-0001-0001-000000000011', 'María Fernanda', 'CC-33333', 1550000, 0, 1550000, 'TARJETA', DATE_SUB(NOW(), INTERVAL 12 DAY), DATE_SUB(NOW(), INTERVAL 12 DAY)),
('ss200-0010', 'TEMP-010', 'u200-0001-0001-0001-000000000012', 'Pedro Sánchez', 'NIT-44444', 720000, 20000, 700000, 'EFECTIVO', DATE_SUB(NOW(), INTERVAL 10 DAY), DATE_SUB(NOW(), INTERVAL 10 DAY)),
('ss200-0011', 'TEMP-011', 'u200-0001-0001-0001-000000000014', 'Lucía Torres', 'CC-55555', 380000, 0, 380000, 'TRANSFERENCIA', DATE_SUB(NOW(), INTERVAL 9 DAY), DATE_SUB(NOW(), INTERVAL 9 DAY)),
('ss200-0012', 'TEMP-012', 'u200-0001-0001-0001-000000000015', 'Ricardo Mora', 'NIT-66666', 340000, 0, 340000, 'EFECTIVO', DATE_SUB(NOW(), INTERVAL 7 DAY), DATE_SUB(NOW(), INTERVAL 7 DAY)),
('ss200-0013', 'TEMP-013', 'u200-0001-0001-0001-000000000002', NULL, NULL, 620000, 30000, 590000, 'TARJETA', DATE_SUB(NOW(), INTERVAL 6 DAY), DATE_SUB(NOW(), INTERVAL 6 DAY)),
('ss200-0014', 'TEMP-014', 'u200-0001-0001-0001-000000000016', 'Camila Ríos', 'CC-77777', 310000, 0, 310000, 'EFECTIVO', DATE_SUB(NOW(), INTERVAL 4 DAY), DATE_SUB(NOW(), INTERVAL 4 DAY)),
('ss200-0015', 'TEMP-015', 'u200-0001-0001-0001-000000000017', 'Andrés Herrera', 'NIT-88888', 95000, 0, 95000, 'TRANSFERENCIA', DATE_SUB(NOW(), INTERVAL 3 DAY), DATE_SUB(NOW(), INTERVAL 3 DAY)),
('ss200-0016', 'TEMP-016', 'u200-0001-0001-0001-000000000019', 'Valentina Ortiz', 'CC-99999', 125000, 5000, 120000, 'EFECTIVO', DATE_SUB(NOW(), INTERVAL 2 DAY), DATE_SUB(NOW(), INTERVAL 2 DAY)),
('ss200-0017', 'TEMP-017', 'u200-0001-0001-0001-000000000020', 'Diego Vega', 'NIT-10101', 55000, 0, 55000, 'TARJETA', DATE_SUB(NOW(), INTERVAL 1 DAY), DATE_SUB(NOW(), INTERVAL 1 DAY)),
('ss200-0018', 'TEMP-018', 'u200-0001-0001-0001-000000000002', 'Elena Castro', 'CC-11122', 110000, 0, 110000, 'EFECTIVO', NOW(), NOW()),
('ss200-0019', 'TEMP-019', 'u200-0001-0001-0001-000000000021', 'Felipe Jiménez', 'NIT-22233', 180000, 10000, 170000, 'TRANSFERENCIA', DATE_SUB(NOW(), INTERVAL 20 DAY), DATE_SUB(NOW(), INTERVAL 20 DAY)),
('ss200-0020', 'TEMP-020', 'u200-0001-0001-0001-000000000022', 'Gabriela Silva', 'CC-33344', 210000, 0, 210000, 'EFECTIVO', DATE_SUB(NOW(), INTERVAL 18 DAY), DATE_SUB(NOW(), INTERVAL 18 DAY)),
('ss200-0021', 'TEMP-021', 'u200-0001-0001-0001-000000000023', 'Hugo Paredes', 'NIT-44455', 310000, 10000, 300000, 'TARJETA', DATE_SUB(NOW(), INTERVAL 16 DAY), DATE_SUB(NOW(), INTERVAL 16 DAY)),
('ss200-0022', 'TEMP-022', 'u200-0001-0001-0001-000000000024', 'Isabel Mendoza', 'CC-55566', 390000, 0, 390000, 'EFECTIVO', DATE_SUB(NOW(), INTERVAL 14 DAY), DATE_SUB(NOW(), INTERVAL 14 DAY)),
('ss200-0023', 'TEMP-023', 'u200-0001-0001-0001-000000000002', 'Jorge Navarro', 'NIT-66677', 480000, 20000, 460000, 'TRANSFERENCIA', DATE_SUB(NOW(), INTERVAL 12 DAY), DATE_SUB(NOW(), INTERVAL 12 DAY)),
('ss200-0024', 'TEMP-024', 'u200-0001-0001-0001-000000000025', 'Karina Peña', 'CC-77788', 340000, 0, 340000, 'EFECTIVO', DATE_SUB(NOW(), INTERVAL 10 DAY), DATE_SUB(NOW(), INTERVAL 10 DAY)),
('ss200-0025', 'TEMP-025', 'u200-0001-0001-0001-000000000026', 'Lorenzo Soto', 'NIT-88899', 175000, 0, 175000, 'TARJETA', DATE_SUB(NOW(), INTERVAL 8 DAY), DATE_SUB(NOW(), INTERVAL 8 DAY)),
('ss200-0026', 'TEMP-026', 'u200-0001-0001-0001-000000000027', 'Mónica Aguirre', 'CC-99900', 95000, 0, 95000, 'EFECTIVO', DATE_SUB(NOW(), INTERVAL 6 DAY), DATE_SUB(NOW(), INTERVAL 6 DAY)),
('ss200-0027', 'TEMP-027', 'u200-0001-0001-0001-000000000002', 'Nicolás Duarte', 'NIT-00112', 490000, 40000, 450000, 'TRANSFERENCIA', DATE_SUB(NOW(), INTERVAL 4 DAY), DATE_SUB(NOW(), INTERVAL 4 DAY)),
('ss200-0028', 'TEMP-028', 'u200-0001-0001-0001-000000000028', 'Olga Guerrero', 'CC-11223', 720000, 0, 720000, 'EFECTIVO', DATE_SUB(NOW(), INTERVAL 2 DAY), DATE_SUB(NOW(), INTERVAL 2 DAY)),
('ss200-0029', 'TEMP-029', 'u200-0001-0001-0001-000000000029', 'Pablo Herrera', 'NIT-22334', 650000, 50000, 600000, 'TARJETA', DATE_SUB(NOW(), INTERVAL 1 DAY), DATE_SUB(NOW(), INTERVAL 1 DAY)),
('ss200-0030', 'TEMP-030', 'u200-0001-0001-0001-000000000030', 'Raquel Díaz', 'CC-33445', 1150000, 0, 1150000, 'EFECTIVO', NOW(), NOW()),
('ss200-0031', 'TEMP-031', 'u200-0001-0001-0001-000000000031', 'Santiago Castro', 'NIT-44556', 880000, 30000, 850000, 'TRANSFERENCIA', DATE_SUB(NOW(), INTERVAL 28 DAY), DATE_SUB(NOW(), INTERVAL 28 DAY)),
('ss200-0032', 'TEMP-032', 'u200-0001-0001-0001-000000000032', 'Tatiana Vargas', 'CC-55667', 125000, 0, 125000, 'EFECTIVO', DATE_SUB(NOW(), INTERVAL 27 DAY), DATE_SUB(NOW(), INTERVAL 27 DAY)),
('ss200-0033', 'TEMP-033', 'u200-0001-0001-0001-000000000033', 'Ulises Rojas', 'NIT-66778', 260000, 10000, 250000, 'TARJETA', DATE_SUB(NOW(), INTERVAL 26 DAY), DATE_SUB(NOW(), INTERVAL 26 DAY)),
('ss200-0034', 'TEMP-034', 'u200-0001-0001-0001-000000000034', 'Violeta Flores', 'CC-77889', 450000, 0, 450000, 'EFECTIVO', DATE_SUB(NOW(), INTERVAL 25 DAY), DATE_SUB(NOW(), INTERVAL 25 DAY)),
('ss200-0035', 'TEMP-035', 'u200-0001-0001-0001-000000000035', 'William Cardona', 'NIT-88990', 105000, 0, 105000, 'TRANSFERENCIA', DATE_SUB(NOW(), INTERVAL 24 DAY), DATE_SUB(NOW(), INTERVAL 24 DAY));

INSERT INTO suspended_sale_items (id, suspended_sale_id, product_id, name, description, qty, unit_price, line_total, stock, unit_cost) VALUES
('ssi200-0001', 'ss200-0001', 'p200-0001-0001-0001-000000000001', 'Laptop Dell Latitude 3420', 'i5, 8GB, 256GB', 1, 750000, 750000, 12, 500000),
('ssi200-0002', 'ss200-0002', 'p200-0001-0001-0001-000000000002', 'Dell Latitude 3520', 'i7, 16GB, 512GB', 1, 1150000, 1150000, 8, 800000),
('ssi200-0003', 'ss200-0003', 'p200-0001-0001-0001-000000000003', 'HP Pavilion 15', 'Ryzen 5, 8GB', 1, 850000, 850000, 10, 600000),
('ssi200-0004', 'ss200-0004', 'p200-0001-0001-0001-000000000004', 'HP Envy x360', 'Ryzen 7, 16GB', 1, 1350000, 1350000, 5, 950000),
('ssi200-0005', 'ss200-0005', 'p200-0001-0001-0001-000000000005', 'Lenovo ThinkPad E14', 'i5, 8GB', 1, 790000, 790000, 7, 550000),
('ssi200-0006', 'ss200-0006', 'p200-0001-0001-0001-000000000006', 'Lenovo IdeaPad 3', 'Ryzen 3, 4GB', 1, 580000, 580000, 15, 400000),
('ssi200-0007', 'ss200-0007', 'p200-0001-0001-0001-000000000007', 'MacBook Air M1', '8GB, 256GB', 1, 1650000, 1650000, 4, 1200000),
('ssi200-0008', 'ss200-0008', 'p200-0001-0001-0001-000000000008', 'MacBook Pro 13 M2', '8GB, 512GB', 1, 2150000, 2150000, 3, 1600000),
('ssi200-0009', 'ss200-0009', 'p200-0001-0001-0001-000000000009', 'Asus ZenBook 14', 'i7, 16GB', 1, 1550000, 1550000, 6, 1100000),
('ssi200-0010', 'ss200-0010', 'p200-0001-0001-0001-000000000010', 'Acer Aspire 5', 'i5, 8GB', 1, 720000, 720000, 9, 480000),
('ssi200-0011', 'ss200-0010', 'p200-0001-0001-0001-000000000015', 'Kit Logitech MK235', 'Teclado+mouse', 1, 95000, 95000, 30, 60000),
('ssi200-0012', 'ss200-0011', 'p200-0001-0001-0001-000000000011', 'Monitor LG 24"', 'Full HD', 1, 380000, 380000, 20, 250000),
('ssi200-0013', 'ss200-0012', 'p200-0001-0001-0001-000000000012', 'Monitor Samsung 24"', 'IPS', 1, 340000, 340000, 18, 220000),
('ssi200-0014', 'ss200-0013', 'p200-0001-0001-0001-000000000020', 'Disco WD Elements 1TB', 'USB 3.0', 2, 210000, 420000, 35, 150000),
('ssi200-0015', 'ss200-0013', 'p200-0001-0001-0001-000000000016', 'Mouse MX Master 3', 'Premium', 1, 125000, 125000, 15, 80000),
('ssi200-0016', 'ss200-0014', 'p200-0001-0001-0001-000000000024', 'RAM Kingston 8GB DDR4', '3200MHz', 2, 95000, 190000, 50, 60000),
('ssi200-0017', 'ss200-0014', 'p200-0001-0001-0001-000000000032', 'Audífonos Logitech H111', 'Cable', 2, 45000, 90000, 40, 30000),
('ssi200-0018', 'ss200-0015', 'p200-0001-0001-0001-000000000035', 'Cargador USB-C 20W', 'Genérico', 2, 35000, 70000, 60, 20000),
('ssi200-0019', 'ss200-0015', 'p200-0001-0001-0001-000000000036', 'Cable HDMI 1.5m', 'Alta velocidad', 1, 15000, 15000, 100, 8000),
('ssi200-0020', 'ss200-0016', 'p200-0001-0001-0001-000000000017', 'Mouse Logitech G203', 'Gamer', 2, 55000, 110000, 40, 35000),
('ssi200-0021', 'ss200-0016', 'p200-0001-0001-0001-000000000033', 'Audífonos JBL Tune 500', 'Diadema', 1, 135000, 135000, 22, 90000),
('ssi200-0022', 'ss200-0017', 'p200-0001-0001-0001-000000000018', 'Teclado Redragon K552', 'Mecánico', 1, 110000, 110000, 22, 70000),
('ssi200-0023', 'ss200-0018', 'p200-0001-0001-0001-000000000028', 'Impresora Epson L3150', 'Multifuncional', 1, 720000, 720000, 9, 550000),
('ssi200-0024', 'ss200-0019', 'p200-0001-0001-0001-000000000019', 'Teclado Microsoft Surface', 'Fino', 1, 180000, 180000, 8, 120000),
('ssi200-0025', 'ss200-0020', 'p200-0001-0001-0001-000000000021', 'Seagate Expansion 2TB', 'Portátil', 1, 310000, 310000, 28, 220000),
('ssi200-0026', 'ss200-0021', 'p200-0001-0001-0001-000000000022', 'SSD Samsung T7 500GB', 'USB-C', 1, 390000, 390000, 12, 280000),
('ssi200-0027', 'ss200-0022', 'p200-0001-0001-0001-000000000023', 'Kingston SSD A2000 1TB', 'Interno', 1, 480000, 480000, 18, 350000),
('ssi200-0028', 'ss200-0023', 'p200-0001-0001-0001-000000000025', 'RAM Corsair 16GB DDR4', 'RGB', 2, 175000, 350000, 30, 120000),
('ssi200-0029', 'ss200-0023', 'p200-0001-0001-0001-000000000037', 'Power Bank Anker 10000mAh', 'Carga rápida', 1, 105000, 105000, 25, 70000),
('ssi200-0030', 'ss200-0024', 'p200-0001-0001-0001-000000000026', 'RAM HyperX 32GB DDR4', 'RGB', 1, 340000, 340000, 15, 240000),
('ssi200-0031', 'ss200-0025', 'p200-0001-0001-0001-000000000027', 'Impresora HP LaserJet M110w', 'Láser', 1, 490000, 490000, 7, 350000),
('ssi200-0032', 'ss200-0025', 'p200-0001-0001-0001-000000000029', 'Impresora Canon Pixma G3110', 'Sistema continuo', 1, 650000, 650000, 5, 480000),
('ssi200-0033', 'ss200-0026', 'p200-0001-0001-0001-000000000030', 'Webcam Logitech C270', 'HD', 1, 120000, 120000, 25, 80000),
('ssi200-0034', 'ss200-0027', 'p200-0001-0001-0001-000000000031', 'Webcam Microsoft LifeCam', 'HD-3000', 1, 115000, 115000, 18, 75000),
('ssi200-0035', 'ss200-0027', 'p200-0001-0001-0001-000000000034', 'Audífonos Sony MDR-ZX110', 'Básicos', 1, 78000, 78000, 35, 50000),
('ssi200-0036', 'ss200-0028', 'p200-0001-0001-0001-000000000038', 'Laptop MSI Modern 14', 'i5, 8GB', 1, 990000, 990000, 6, 700000),
('ssi200-0037', 'ss200-0029', 'p200-0001-0001-0001-000000000039', 'Huawei MateBook D14', 'Ryzen 5, 8GB', 1, 920000, 920000, 5, 650000),
('ssi200-0038', 'ss200-0029', 'p200-0001-0001-0001-000000000040', 'Xiaomi Mi Notebook', 'i5, 8GB', 1, 880000, 880000, 4, 620000),
('ssi200-0039', 'ss200-0030', 'p200-0001-0001-0001-000000000041', 'Tablet Samsung Tab A8', '4GB, 64GB', 2, 450000, 900000, 12, 300000),
('ssi200-0040', 'ss200-0030', 'p200-0001-0001-0001-000000000042', 'iPad 9th Gen', '64GB', 1, 1050000, 1050000, 8, 750000),
('ssi200-0041', 'ss200-0031', 'p200-0001-0001-0001-000000000013', 'Monitor Dell P2422H', 'Profesional', 1, 620000, 620000, 12, 450000),
('ssi200-0042', 'ss200-0031', 'p200-0001-0001-0001-000000000014', 'Monitor HP V24i', 'Básico', 1, 310000, 310000, 25, 200000),
('ssi200-0043', 'ss200-0032', 'p200-0001-0001-0001-000000000016', 'Mouse MX Master 3', 'Premium', 1, 125000, 125000, 15, 80000),
('ssi200-0044', 'ss200-0033', 'p200-0001-0001-0001-000000000020', 'Disco WD 1TB', 'Externo', 1, 210000, 210000, 35, 150000),
('ssi200-0045', 'ss200-0033', 'p200-0001-0001-0001-000000000021', 'Seagate 2TB', 'Externo', 1, 310000, 310000, 28, 220000),
('ssi200-0046', 'ss200-0034', 'p200-0001-0001-0001-000000000001', 'Laptop Dell Latitude', 'i5, 8GB', 1, 750000, 750000, 12, 500000),
('ssi200-0047', 'ss200-0034', 'p200-0001-0001-0001-000000000005', 'Lenovo ThinkPad', 'i5, 8GB', 1, 790000, 790000, 7, 550000),
('ssi200-0048', 'ss200-0035', 'p200-0001-0001-0001-000000000017', 'Mouse G203', 'Gamer', 2, 55000, 110000, 40, 35000),
('ssi200-0049', 'ss200-0035', 'p200-0001-0001-0001-000000000032', 'Audífonos H111', 'Básicos', 1, 45000, 45000, 40, 30000);