-- =========================================================

INSERT INTO customers (id, name, nit) VALUES
('11111111-1111-1111-1111-111111111111', 'TechSolutions S.A.S.', '901234567-1'),
('22222222-2222-2222-2222-222222222222', 'Innovaciones López Ltda.', '876543210-2'),
('33333333-3333-3333-3333-333333333333', 'DataSoft Cía.', '123456789-3'),
('44444444-4444-4444-4444-444444444444', 'GlobalNet E.U.', '987654321-4'),
('55555555-5555-5555-5555-555555555555', 'Servicios TI del Caribe S.A.S.', '456789012-5'),
('66666666-6666-6666-6666-666666666666', 'Consultoría Ágil Ltda.', '567890123-6'),
('77777777-7777-7777-7777-777777777777', 'CloudWare S.A.', '678901234-7'),
('88888888-8888-8888-8888-888888888888', 'DevOps Experts E.U.', '789012345-8'),
('99999999-9999-9999-9999-999999999999', 'Seguridad Digital S.A.S.', '890123456-9'),
('aaaaaaaa-aaaa-aaaa-aaaa-aaaaaaaaaaaa', 'Análisis de Datos Ltda.', '901234567-0'),
('bbbbbbbb-bbbb-bbbb-bbbb-bbbbbbbbbbbb', 'Redes y Comunicaciones S.A.', '012345678-1'),
('cccccccc-cccc-cccc-cccc-cccccccccccc', 'Soluciones Móviles S.A.S.', '123450987-2'),
('dddddddd-dddd-dddd-dddd-dddddddddddd', 'Inteligencia Artificial Cía.', '234561098-3'),
('eeeeeeee-eeee-eeee-eeee-eeeeeeeeeeee', 'Blockchain Tech Ltda.', '345672109-4'),
('ffffffff-ffff-ffff-ffff-ffffffffffff', 'Realidad Virtual S.A.S.', '456783210-5'),
('11111111-2222-3333-4444-555555555555', 'E-commerce Solutions E.U.', '567894321-6'),
('22222222-3333-4444-5555-666666666666', 'Marketing Digital S.A.', '678905432-7'),
('33333333-4444-5555-6666-777777777777', 'Fintech Innovación S.A.S.', '789016543-8'),
('44444444-5555-6666-7777-888888888888', 'Logística Inteligente Ltda.', '890127654-9'),
('55555555-6666-7777-8888-999999999999', 'Energía Renovable Cía.', '901238765-0'),
('66666666-7777-8888-9999-aaaaaaaaaaaa', 'Biotecnología Aplicada S.A.S.', '012349876-1'),
('77777777-8888-9999-aaaa-bbbbbbbbbbbb', 'Nanotecnología Ltda.', '123450987-2'),
('88888888-9999-aaaa-bbbb-cccccccccccc', 'Robótica Avanzada S.A.', '234561098-3'),
('99999999-aaaa-bbbb-cccc-dddddddddddd', 'Automatización Industrial S.A.S.', '345672109-4'),
('aaaaaaaa-bbbb-cccc-dddd-eeeeeeeeeeee', 'Ciberseguridad Total E.U.', '456783210-5'),
('bbbbbbbb-cccc-dddd-eeee-ffffffffffff', 'Computación Cuántica Ltda.', '567894321-6'),
('cccccccc-dddd-eeee-ffff-000000000000', 'Edge Computing S.A.S.', '678905432-7'),
('dddddddd-eeee-ffff-0000-111111111111', '5G Networks Cía.', '789016543-8'),
('eeeeeeee-ffff-0000-1111-222222222222', 'IoT Solutions S.A.', '890127654-9'),
('ffffffff-0000-1111-2222-333333333333', 'Smart Cities Ltda.', '901238765-0'),
('00000000-1111-2222-3333-444444444444', 'Data Centers S.A.S.', '012349876-1'),
('12121212-1212-1212-1212-121212121212', 'Hosting Profesional E.U.', '123456012-3'),
('34343434-3434-3434-3434-343434343434', 'Dominios y SSL S.A.', '234567123-4'),
('56565656-5656-5656-5656-565656565656', 'Correo Corporativo Ltda.', '345678234-5'),
('78787878-7878-7878-7878-787878787878', 'Backup Cloud S.A.S.', '456789345-6');

INSERT INTO subscriptions (id, customer_id, plan, status, current_period_start, current_period_end, allowed_seats) VALUES
('sub-0001-0001-0001-0001-000000000001', '11111111-1111-1111-1111-111111111111', 'ENTERPRISE', 'ACTIVE', '2025-01-01', '2026-01-01', 50),
('sub-0001-0001-0001-0001-000000000002', '11111111-1111-1111-1111-111111111111', 'PRO', 'TRIAL', '2025-03-15', '2025-04-15', 10),
('sub-0002-0002-0002-0002-000000000001', '22222222-2222-2222-2222-222222222222', 'BASIC', 'ACTIVE', '2025-02-10', '2025-08-10', 5),
('sub-0002-0002-0002-0002-000000000002', '22222222-2222-2222-2222-222222222222', 'PRO', 'EXPIRED', '2024-11-01', '2025-02-01', 15),
('sub-0003-0003-0003-0003-000000000001', '33333333-3333-3333-3333-333333333333', 'ENTERPRISE', 'ACTIVE', '2025-01-20', '2025-07-20', 100),
('sub-0004-0004-0004-0004-000000000001', '44444444-4444-4444-4444-444444444444', 'PRO', 'CANCELLED', '2024-09-01', '2025-03-01', 20),
('sub-0004-0004-0004-0004-000000000002', '44444444-4444-4444-4444-444444444444', 'BASIC', 'ACTIVE', '2025-03-01', '2025-06-01', 3),
('sub-0005-0005-0005-0005-000000000001', '55555555-5555-5555-5555-555555555555', 'PRO', 'ACTIVE', '2025-02-15', '2026-02-15', 25),
('sub-0006-0006-0006-0006-000000000001', '66666666-6666-6666-6666-666666666666', 'BASIC', 'TRIAL', '2025-03-20', '2025-04-20', 2),
('sub-0007-0007-0007-0007-000000000001', '77777777-7777-7777-7777-777777777777', 'ENTERPRISE', 'ACTIVE', '2024-12-01', '2025-12-01', 200),
('sub-0008-0008-0008-0008-000000000001', '88888888-8888-8888-8888-888888888888', 'PRO', 'ACTIVE', '2025-01-10', '2025-07-10', 30),
('sub-0009-0009-0009-0009-000000000001', '99999999-9999-9999-9999-999999999999', 'BASIC', 'EXPIRED', '2024-08-15', '2025-02-15', 4),
('sub-000a-000a-000a-000a-000000000001', 'aaaaaaaa-aaaa-aaaa-aaaa-aaaaaaaaaaaa', 'ENTERPRISE', 'ACTIVE', '2025-02-28', '2026-02-28', 75),
('sub-000b-000b-000b-000b-000000000001', 'bbbbbbbb-bbbb-bbbb-bbbb-bbbbbbbbbbbb', 'PRO', 'CANCELLED', '2024-10-10', '2025-04-10', 12),
('sub-000b-000b-000b-000b-000000000002', 'bbbbbbbb-bbbb-bbbb-bbbb-bbbbbbbbbbbb', 'BASIC', 'ACTIVE', '2025-03-01', '2025-06-01', 5),
('sub-000c-000c-000c-000c-000000000001', 'cccccccc-cccc-cccc-cccc-cccccccccccc', 'PRO', 'ACTIVE', '2025-01-05', '2025-07-05', 18),
('sub-000d-000d-000d-000d-000000000001', 'dddddddd-dddd-dddd-dddd-dddddddddddd', 'ENTERPRISE', 'TRIAL', '2025-03-10', '2025-04-10', 150),
('sub-000e-000e-000e-000e-000000000001', 'eeeeeeee-eeee-eeee-eeee-eeeeeeeeeeee', 'BASIC', 'ACTIVE', '2025-02-01', '2025-08-01', 6),
('sub-000f-000f-000f-000f-000000000001', 'ffffffff-ffff-ffff-ffff-ffffffffffff', 'PRO', 'ACTIVE', '2025-01-15', '2025-07-15', 22),
('sub-0011-0011-0011-0011-000000000001', '11111111-2222-3333-4444-555555555555', 'ENTERPRISE', 'ACTIVE', '2025-03-01', '2026-03-01', 80),
('sub-0022-0022-0022-0022-000000000001', '22222222-3333-4444-5555-666666666666', 'PRO', 'EXPIRED', '2024-12-01', '2025-03-01', 14),
('sub-0022-0022-0022-0022-000000000002', '22222222-3333-4444-5555-666666666666', 'BASIC', 'ACTIVE', '2025-02-20', '2025-05-20', 4),
('sub-0033-0033-0033-0033-000000000001', '33333333-4444-5555-6666-777777777777', 'PRO', 'ACTIVE', '2025-01-25', '2025-07-25', 28),
('sub-0044-0044-0044-0044-000000000001', '44444444-5555-6666-7777-888888888888', 'ENTERPRISE', 'ACTIVE', '2025-02-10', '2026-02-10', 120),
('sub-0055-0055-0055-0055-000000000001', '55555555-6666-7777-8888-999999999999', 'BASIC', 'CANCELLED', '2024-11-15', '2025-05-15', 3),
('sub-0055-0055-0055-0055-000000000002', '55555555-6666-7777-8888-999999999999', 'PRO', 'ACTIVE', '2025-03-05', '2025-09-05', 20),
('sub-0066-0066-0066-0066-000000000001', '66666666-7777-8888-9999-aaaaaaaaaaaa', 'PRO', 'TRIAL', '2025-03-12', '2025-04-12', 8),
('sub-0077-0077-0077-0077-000000000001', '77777777-8888-9999-aaaa-bbbbbbbbbbbb', 'ENTERPRISE', 'ACTIVE', '2024-09-01', '2025-09-01', 300),
('sub-0088-0088-0088-0088-000000000001', '88888888-9999-aaaa-bbbb-cccccccccccc', 'BASIC', 'ACTIVE', '2025-02-18', '2025-08-18', 2),
('sub-0099-0099-0099-0099-000000000001', '99999999-aaaa-bbbb-cccc-dddddddddddd', 'PRO', 'ACTIVE', '2025-01-30', '2025-07-30', 35),
('sub-00aa-00aa-00aa-00aa-000000000001', 'aaaaaaaa-bbbb-cccc-dddd-eeeeeeeeeeee', 'ENTERPRISE', 'ACTIVE', '2025-03-01', '2026-03-01', 90),
('sub-00bb-00bb-00bb-00bb-000000000001', 'bbbbbbbb-cccc-dddd-eeee-ffffffffffff', 'PRO', 'EXPIRED', '2024-10-20', '2025-01-20', 16),
('sub-00cc-00cc-00cc-00cc-000000000001', 'cccccccc-dddd-eeee-ffff-000000000000', 'BASIC', 'ACTIVE', '2025-02-05', '2025-05-05', 5),
('sub-00dd-00dd-00dd-00dd-000000000001', 'dddddddd-eeee-ffff-0000-111111111111', 'PRO', 'ACTIVE', '2025-01-12', '2025-07-12', 24),
('sub-00ee-00ee-00ee-00ee-000000000001', 'eeeeeeee-ffff-0000-1111-222222222222', 'ENTERPRISE', 'TRIAL', '2025-03-18', '2025-04-18', 110),
('sub-00ff-00ff-00ff-00ff-000000000001', 'ffffffff-0000-1111-2222-333333333333', 'BASIC', 'ACTIVE', '2025-02-22', '2025-08-22', 3),
('sub-0101-0101-0101-0101-000000000001', '00000000-1111-2222-3333-444444444444', 'PRO', 'CANCELLED', '2024-12-05', '2025-03-05', 12),
('sub-0202-0202-0202-0202-000000000001', '12121212-1212-1212-1212-121212121212', 'ENTERPRISE', 'ACTIVE', '2025-02-14', '2026-02-14', 60),
('sub-0303-0303-0303-0303-000000000001', '34343434-3434-3434-3434-343434343434', 'BASIC', 'ACTIVE', '2025-03-01', '2025-06-01', 4),
('sub-0404-0404-0404-0404-000000000001', '56565656-5656-5656-5656-565656565656', 'PRO', 'ACTIVE', '2025-01-08', '2025-07-08', 18),
('sub-0505-0505-0505-0505-000000000001', '78787878-7878-7878-7878-787878787878', 'ENTERPRISE', 'ACTIVE', '2024-11-11', '2025-11-11', 250);

INSERT INTO licenses (license_key, plan, status, current_period_end, max_machines, customer_name, customer_email) VALUES
('LIC-TECH001', 'YEARLY', 'ACTIVE', '2026-01-15 23:59:59', 5, 'TechSolutions S.A.S.', 'admin@techsol.com'),
('LIC-TECH002', 'MONTHLY', 'ACTIVE', '2025-05-20 23:59:59', 2, 'TechSolutions S.A.S.', 'support@techsol.com'),
('LIC-INNO001', 'LIFETIME', 'ACTIVE', NULL, 10, 'Innovaciones López Ltda.', 'contact@innolopez.com'),
('LIC-DATA001', 'YEARLY', 'BLOCKED', '2025-06-10 23:59:59', 3, 'DataSoft Cía.', 'licencias@datasoft.com'),
('LIC-GLOB001', 'MONTHLY', 'ACTIVE', '2025-04-25 23:59:59', 1, 'GlobalNet E.U.', 'ventas@globalnet.com'),
('LIC-SERV001', 'YEARLY', 'RELEASED', '2025-09-01 23:59:59', 8, 'Servicios TI del Caribe S.A.S.', 'gerencia@servicatibe.com'),
('LIC-CONS001', 'LIFETIME', 'ACTIVE', NULL, 4, 'Consultoría Ágil Ltda.', 'agil@consultoria.com'),
('LIC-CLOUD001', 'YEARLY', 'ACTIVE', '2025-12-31 23:59:59', 20, 'CloudWare S.A.', 'cloud@cloudware.com'),
('LIC-DEVOPS01', 'MONTHLY', 'ACTIVE', '2025-05-05 23:59:59', 6, 'DevOps Experts E.U.', 'devops@experts.com'),
('LIC-SEGU001', 'YEARLY', 'ACTIVE', '2025-11-11 23:59:59', 15, 'Seguridad Digital S.A.S.', 'seguridad@digital.com'),
('LIC-ANAL001', 'LIFETIME', 'ACTIVE', NULL, 3, 'Análisis de Datos Ltda.', 'datos@analisis.com'),
('LIC-REDES01', 'MONTHLY', 'BLOCKED', '2025-04-10 23:59:59', 2, 'Redes y Comunicaciones S.A.', 'redes@comunicaciones.com'),
('LIC-MOVIL01', 'YEARLY', 'ACTIVE', '2026-02-28 23:59:59', 7, 'Soluciones Móviles S.A.S.', 'movil@soluciones.com'),
('LIC-IA001', 'LIFETIME', 'ACTIVE', NULL, 12, 'Inteligencia Artificial Cía.', 'ia@inteligencia.com'),
('LIC-BLOCK01', 'YEARLY', 'RELEASED', '2025-07-19 23:59:59', 5, 'Blockchain Tech Ltda.', 'block@chaintech.com'),
('LIC-VR001', 'MONTHLY', 'ACTIVE', '2025-04-30 23:59:59', 2, 'Realidad Virtual S.A.S.', 'vr@realidad.com'),
('LIC-ECOMM01', 'YEARLY', 'ACTIVE', '2026-01-01 23:59:59', 9, 'E-commerce Solutions E.U.', 'ecom@solutions.com'),
('LIC-MKT001', 'LIFETIME', 'ACTIVE', NULL, 6, 'Marketing Digital S.A.', 'mkt@digital.com'),
('LIC-FINT01', 'YEARLY', 'ACTIVE', '2025-10-10 23:59:59', 25, 'Fintech Innovación S.A.S.', 'fintech@innovacion.com'),
('LIC-LOG001', 'MONTHLY', 'ACTIVE', '2025-05-15 23:59:59', 4, 'Logística Inteligente Ltda.', 'log@inteligente.com'),
('LIC-ENER01', 'YEARLY', 'BLOCKED', '2025-08-08 23:59:59', 11, 'Energía Renovable Cía.', 'energia@renovable.com'),
('LIC-BIO001', 'LIFETIME', 'ACTIVE', NULL, 3, 'Biotecnología Aplicada S.A.S.', 'bio@aplicada.com'),
('LIC-NANO01', 'YEARLY', 'ACTIVE', '2025-12-20 23:59:59', 5, 'Nanotecnología Ltda.', 'nano@tecnologia.com'),
('LIC-ROB001', 'MONTHLY', 'ACTIVE', '2025-04-12 23:59:59', 8, 'Robótica Avanzada S.A.', 'robotica@avanzada.com'),
('LIC-AUTO01', 'YEARLY', 'ACTIVE', '2026-03-03 23:59:59', 14, 'Automatización Industrial S.A.S.', 'auto@industrial.com'),
('LIC-CIBE01', 'LIFETIME', 'ACTIVE', NULL, 30, 'Ciberseguridad Total E.U.', 'cibe@total.com'),
('LIC-CUAN01', 'YEARLY', 'RELEASED', '2025-09-09 23:59:59', 2, 'Computación Cuántica Ltda.', 'cuantica@computacion.com'),
('LIC-EDGE01', 'MONTHLY', 'ACTIVE', '2025-05-25 23:59:59', 6, 'Edge Computing S.A.S.', 'edge@computing.com'),
('LIC-5G001', 'YEARLY', 'ACTIVE', '2025-11-05 23:59:59', 18, '5G Networks Cía.', '5g@networks.com'),
('LIC-IOT001', 'LIFETIME', 'ACTIVE', NULL, 22, 'IoT Solutions S.A.', 'iot@solutions.com'),
('LIC-SMAR01', 'YEARLY', 'ACTIVE', '2026-02-02 23:59:59', 7, 'Smart Cities Ltda.', 'smart@cities.com'),
('LIC-DATA02', 'MONTHLY', 'BLOCKED', '2025-04-01 23:59:59', 1, 'Data Centers S.A.S.', 'dc@datacenters.com'),
('LIC-HOST01', 'YEARLY', 'ACTIVE', '2025-12-12 23:59:59', 50, 'Hosting Profesional E.U.', 'hosting@profesional.com'),
('LIC-DOMI01', 'LIFETIME', 'ACTIVE', NULL, 4, 'Dominios y SSL S.A.', 'dominiossl@ssl.com'),
('LIC-CORP01', 'YEARLY', 'ACTIVE', '2025-10-30 23:59:59', 10, 'Correo Corporativo Ltda.', 'correo@corporativo.com'),
('LIC-BACK01', 'MONTHLY', 'ACTIVE', '2025-06-06 23:59:59', 3, 'Backup Cloud S.A.S.', 'backup@cloud.com');

INSERT INTO license_keys (id, subscription_id, `key`, max_activations, active) VALUES
('lk-0001-0001-0001-0001-000000000001', 'sub-0001-0001-0001-0001-000000000001', 'KEY-TECH-ENTERPRISE-50', 50, TRUE),
('lk-0001-0001-0001-0001-000000000002', 'sub-0001-0001-0001-0001-000000000002', 'KEY-TECH-PRO-TRIAL', 10, TRUE),
('lk-0002-0002-0002-0002-000000000001', 'sub-0002-0002-0002-0002-000000000001', 'KEY-INNO-BASIC-ACT', 5, TRUE),
('lk-0002-0002-0002-0002-000000000002', 'sub-0002-0002-0002-0002-000000000002', 'KEY-INNO-PRO-EXP', 15, FALSE),
('lk-0003-0003-0003-0003-000000000001', 'sub-0003-0003-0003-0003-000000000001', 'KEY-DATA-ENTERPRISE', 100, TRUE),
('lk-0004-0004-0004-0004-000000000001', 'sub-0004-0004-0004-0004-000000000001', 'KEY-GLOB-PRO-CANC', 20, FALSE),
('lk-0004-0004-0004-0004-000000000002', 'sub-0004-0004-0004-0004-000000000002', 'KEY-GLOB-BASIC-ACT', 3, TRUE),
('lk-0005-0005-0005-0005-000000000001', 'sub-0005-0005-0005-0005-000000000001', 'KEY-SERV-PRO-25', 25, TRUE),
('lk-0006-0006-0006-0006-000000000001', 'sub-0006-0006-0006-0006-000000000001', 'KEY-CONS-BASIC-TRIAL', 2, TRUE),
('lk-0007-0007-0007-0007-000000000001', 'sub-0007-0007-0007-0007-000000000001', 'KEY-CLOUD-ENT-200', 200, TRUE),
('lk-0008-0008-0008-0008-000000000001', 'sub-0008-0008-0008-0008-000000000001', 'KEY-DEVOPS-PRO-30', 30, TRUE),
('lk-0009-0009-0009-0009-000000000001', 'sub-0009-0009-0009-0009-000000000001', 'KEY-SEGU-BASIC-EXP', 4, FALSE),
('lk-000a-000a-000a-000a-000000000001', 'sub-000a-000a-000a-000a-000000000001', 'KEY-ANAL-ENT-75', 75, TRUE),
('lk-000b-000b-000b-000b-000000000001', 'sub-000b-000b-000b-000b-000000000001', 'KEY-REDES-PRO-CANC', 12, FALSE),
('lk-000b-000b-000b-000b-000000000002', 'sub-000b-000b-000b-000b-000000000002', 'KEY-REDES-BASIC-ACT', 5, TRUE),
('lk-000c-000c-000c-000c-000000000001', 'sub-000c-000c-000c-000c-000000000001', 'KEY-MOVIL-PRO-18', 18, TRUE),
('lk-000d-000d-000d-000d-000000000001', 'sub-000d-000d-000d-000d-000000000001', 'KEY-IA-ENT-TRIAL', 150, TRUE),
('lk-000e-000e-000e-000e-000000000001', 'sub-000e-000e-000e-000e-000000000001', 'KEY-BLOCK-BASIC-ACT', 6, TRUE),
('lk-000f-000f-000f-000f-000000000001', 'sub-000f-000f-000f-000f-000000000001', 'KEY-VR-PRO-22', 22, TRUE),
('lk-0011-0011-0011-0011-000000000001', 'sub-0011-0011-0011-0011-000000000001', 'KEY-ECOMM-ENT-80', 80, TRUE),
('lk-0022-0022-0022-0022-000000000001', 'sub-0022-0022-0022-0022-000000000001', 'KEY-MKT-PRO-EXP', 14, FALSE),
('lk-0022-0022-0022-0022-000000000002', 'sub-0022-0022-0022-0022-000000000002', 'KEY-MKT-BASIC-ACT', 4, TRUE),
('lk-0033-0033-0033-0033-000000000001', 'sub-0033-0033-0033-0033-000000000001', 'KEY-FINT-PRO-28', 28, TRUE),
('lk-0044-0044-0044-0044-000000000001', 'sub-0044-0044-0044-0044-000000000001', 'KEY-LOG-ENT-120', 120, TRUE),
('lk-0055-0055-0055-0055-000000000001', 'sub-0055-0055-0055-0055-000000000001', 'KEY-ENER-BASIC-CANC', 3, FALSE),
('lk-0055-0055-0055-0055-000000000002', 'sub-0055-0055-0055-0055-000000000002', 'KEY-ENER-PRO-20', 20, TRUE),
('lk-0066-0066-0066-0066-000000000001', 'sub-0066-0066-0066-0066-000000000001', 'KEY-BIO-PRO-TRIAL', 8, TRUE),
('lk-0077-0077-0077-0077-000000000001', 'sub-0077-0077-0077-0077-000000000001', 'KEY-NANO-ENT-300', 300, TRUE),
('lk-0088-0088-0088-0088-000000000001', 'sub-0088-0088-0088-0088-000000000001', 'KEY-ROB-BASIC-ACT', 2, TRUE),
('lk-0099-0099-0099-0099-000000000001', 'sub-0099-0099-0099-0099-000000000001', 'KEY-AUTO-PRO-35', 35, TRUE),
('lk-00aa-00aa-00aa-00aa-000000000001', 'sub-00aa-00aa-00aa-00aa-000000000001', 'KEY-CIBE-ENT-90', 90, TRUE),
('lk-00bb-00bb-00bb-00bb-000000000001', 'sub-00bb-00bb-00bb-00bb-000000000001', 'KEY-CUAN-PRO-EXP', 16, FALSE),
('lk-00cc-00cc-00cc-00cc-000000000001', 'sub-00cc-00cc-00cc-00cc-000000000001', 'KEY-EDGE-BASIC-ACT', 5, TRUE),
('lk-00dd-00dd-00dd-00dd-000000000001', 'sub-00dd-00dd-00dd-00dd-000000000001', 'KEY-5G-PRO-24', 24, TRUE),
('lk-00ee-00ee-00ee-00ee-000000000001', 'sub-00ee-00ee-00ee-00ee-000000000001', 'KEY-IOT-ENT-TRIAL', 110, TRUE),
('lk-00ff-00ff-00ff-00ff-000000000001', 'sub-00ff-00ff-00ff-00ff-000000000001', 'KEY-SMAR-BASIC-ACT', 3, TRUE),
('lk-0101-0101-0101-0101-000000000001', 'sub-0101-0101-0101-0101-000000000001', 'KEY-DATA2-PRO-CANC', 12, FALSE),
('lk-0202-0202-0202-0202-000000000001', 'sub-0202-0202-0202-0202-000000000001', 'KEY-HOST-ENT-60', 60, TRUE),
('lk-0303-0303-0303-0303-000000000001', 'sub-0303-0303-0303-0303-000000000001', 'KEY-DOMI-BASIC-ACT', 4, TRUE),
('lk-0404-0404-0404-0404-000000000001', 'sub-0404-0404-0404-0404-000000000001', 'KEY-CORP-PRO-18', 18, TRUE),
('lk-0505-0505-0505-0505-000000000001', 'sub-0505-0505-0505-0505-000000000001', 'KEY-BACK-ENT-250', 250, TRUE);

INSERT INTO activations (id, license_key_id, machine_id, device_name, last_check_at) VALUES
('act-0001-0001-0001-0001-000000000001', 'lk-0001-0001-0001-0001-000000000001', 'MACH-SRV-001', 'Servidor Principal', NOW()),
('act-0001-0001-0001-0001-000000000002', 'lk-0001-0001-0001-0001-000000000001', 'MACH-SRV-002', 'Servidor Backup', NOW() - INTERVAL 1 DAY),
('act-0001-0001-0001-0001-000000000003', 'lk-0001-0001-0001-0001-000000000001', 'MACH-WS-001', 'Workstation Juan', NOW() - INTERVAL 3 DAY),
('act-0002-0002-0002-0002-000000000001', 'lk-0002-0002-0002-0002-000000000002', 'MACH-LAP-001', 'Laptop Pruebas', NOW() - INTERVAL 10 DAY),
('act-0003-0003-0003-0003-000000000001', 'lk-0003-0003-0003-0003-000000000001', 'MACH-DATA-01', 'DataNode1', NOW() - INTERVAL 2 DAY),
('act-0003-0003-0003-0003-000000000002', 'lk-0003-0003-0003-0003-000000000001', 'MACH-DATA-02', 'DataNode2', NOW() - INTERVAL 5 DAY),
('act-0004-0004-0004-0004-000000000001', 'lk-0004-0004-0004-0004-000000000002', 'MACH-GLOB-01', 'Oficina Bogotá', NOW() - INTERVAL 1 DAY),
('act-0005-0005-0005-0005-000000000001', 'lk-0005-0005-0005-0005-000000000001', 'MACH-SERV-01', 'Servidor Caribe', NOW() - INTERVAL 7 DAY),
('act-0005-0005-0005-0005-000000000002', 'lk-0005-0005-0005-0005-000000000001', 'MACH-SERV-02', 'Servidor Medellín', NOW() - INTERVAL 4 DAY),
('act-0006-0006-0006-0006-000000000001', 'lk-0006-0006-0006-0006-000000000001', 'MACH-CONS-01', 'Laptop Consultor', NOW() - INTERVAL 1 DAY),
('act-0007-0007-0007-0007-000000000001', 'lk-0007-0007-0007-0007-000000000001', 'MACH-CLOUD-01', 'Cluster A', NOW() - INTERVAL 15 DAY),
('act-0007-0007-0007-0007-000000000002', 'lk-0007-0007-0007-0007-000000000001', 'MACH-CLOUD-02', 'Cluster B', NOW() - INTERVAL 12 DAY),
('act-0007-0007-0007-0007-000000000003', 'lk-0007-0007-0007-0007-000000000001', 'MACH-CLOUD-03', 'Cluster C', NOW() - INTERVAL 9 DAY),
('act-0008-0008-0008-0008-000000000001', 'lk-0008-0008-0008-0008-000000000001', 'MACH-DEV-01', 'Estación DevOps', NOW() - INTERVAL 2 DAY),
('act-0008-0008-0008-0008-000000000002', 'lk-0008-0008-0008-0008-000000000001', 'MACH-DEV-02', 'Build Server', NOW() - INTERVAL 1 DAY),
('act-000a-000a-000a-000a-000000000001', 'lk-000a-000a-000a-000a-000000000001', 'MACH-ANAL-01', 'Analytics Engine', NOW() - INTERVAL 6 DAY),
('act-000b-000b-000b-000b-000000000002', 'lk-000b-000b-000b-000b-000000000002', 'MACH-RED-01', 'Router Principal', NOW() - INTERVAL 1 DAY),
('act-000b-000b-000b-000b-000000000003', 'lk-000b-000b-000b-000b-000000000002', 'MACH-RED-02', 'Switch Core', NOW() - INTERVAL 3 DAY),
('act-000c-000c-000c-000c-000000000001', 'lk-000c-000c-000c-000c-000000000001', 'MACH-MOV-01', 'Terminal Móvil 1', NOW() - INTERVAL 5 DAY),
('act-000c-000c-000c-000c-000000000002', 'lk-000c-000c-000c-000c-000000000001', 'MACH-MOV-02', 'Terminal Móvil 2', NOW() - INTERVAL 4 DAY),
('act-000d-000d-000d-000d-000000000001', 'lk-000d-000d-000d-000d-000000000001', 'MACH-IA-01', 'GPU Server', NOW() - INTERVAL 1 DAY),
('act-000e-000e-000e-000e-000000000001', 'lk-000e-000e-000e-000e-000000000001', 'MACH-BLK-01', 'Nodo Blockchain', NOW() - INTERVAL 20 DAY),
('act-000f-000f-000f-000f-000000000001', 'lk-000f-000f-000f-000f-000000000001', 'MACH-VR-01', 'Oficina VR', NOW() - INTERVAL 2 DAY),
('act-0011-0011-0011-0011-000000000001', 'lk-0011-0011-0011-0011-000000000001', 'MACH-ECO-01', 'Web Server', NOW() - INTERVAL 3 DAY),
('act-0011-0011-0011-0011-000000000002', 'lk-0011-0011-0011-0011-000000000001', 'MACH-ECO-02', 'DB Server', NOW() - INTERVAL 1 DAY),
('act-0022-0022-0022-0022-000000000002', 'lk-0022-0022-0022-0022-000000000002', 'MACH-MKT-01', 'Workstation Marketing', NOW() - INTERVAL 7 DAY),
('act-0033-0033-0033-0033-000000000001', 'lk-0033-0033-0033-0033-000000000001', 'MACH-FIN-01', 'Servidor Fintech', NOW() - INTERVAL 5 DAY),
('act-0044-0044-0044-0044-000000000001', 'lk-0044-0044-0044-0044-000000000001', 'MACH-LOG-01', 'Centro Logístico', NOW() - INTERVAL 10 DAY),
('act-0044-0044-0044-0044-000000000002', 'lk-0044-0044-0044-0044-000000000001', 'MACH-LOG-02', 'Almacén Digital', NOW() - INTERVAL 8 DAY),
('act-0055-0055-0055-0055-000000000002', 'lk-0055-0055-0055-0055-000000000002', 'MACH-ENE-01', 'Planta Solar', NOW() - INTERVAL 2 DAY),
('act-0055-0055-0055-0055-000000000003', 'lk-0055-0055-0055-0055-000000000002', 'MACH-ENE-02', 'Estación Eólica', NOW() - INTERVAL 1 DAY),
('act-0066-0066-0066-0066-000000000001', 'lk-0066-0066-0066-0066-000000000001', 'MACH-BIO-01', 'Laboratorio', NOW() - INTERVAL 4 DAY),
('act-0077-0077-0077-0077-000000000001', 'lk-0077-0077-0077-0077-000000000001', 'MACH-NANO-01', 'FabLab', NOW() - INTERVAL 15 DAY),
('act-0077-0077-0077-0077-000000000002', 'lk-0077-0077-0077-0077-000000000001', 'MACH-NANO-02', 'Clean Room', NOW() - INTERVAL 12 DAY),
('act-0088-0088-0088-0088-000000000001', 'lk-0088-0088-0088-0088-000000000001', 'MACH-ROB-01', 'Línea Ensamble', NOW() - INTERVAL 1 DAY),
('act-0099-0099-0099-0099-000000000001', 'lk-0099-0099-0099-0099-000000000001', 'MACH-AUTO-01', 'PLC Central', NOW() - INTERVAL 6 DAY),
('act-00aa-00aa-00aa-00aa-000000000001', 'lk-00aa-00aa-00aa-00aa-000000000001', 'MACH-CIB-01', 'Firewall', NOW() - INTERVAL 1 DAY),
('act-00aa-00aa-00aa-00aa-000000000002', 'lk-00aa-00aa-00aa-00aa-000000000001', 'MACH-CIB-02', 'IDS/IPS', NOW() - INTERVAL 1 DAY),
('act-00cc-00cc-00cc-00cc-000000000001', 'lk-00cc-00cc-00cc-00cc-000000000001', 'MACH-EDG-01', 'Edge Node 1', NOW() - INTERVAL 3 DAY),
('act-00dd-00dd-00dd-00dd-000000000001', 'lk-00dd-00dd-00dd-00dd-000000000001', 'MACH-5G-01', 'Antena 5G', NOW() - INTERVAL 9 DAY),
('act-00ee-00ee-00ee-00ee-000000000001', 'lk-00ee-00ee-00ee-00ee-000000000001', 'MACH-IOT-01', 'Gateway IoT', NOW() - INTERVAL 1 DAY),
('act-00ff-00ff-00ff-00ff-000000000001', 'lk-00ff-00ff-00ff-00ff-000000000001', 'MACH-SMAR-01', 'Sensor Urbano', NOW() - INTERVAL 2 DAY),
('act-0202-0202-0202-0202-000000000001', 'lk-0202-0202-0202-0202-000000000001', 'MACH-HOST-01', 'Rack 01', NOW() - INTERVAL 5 DAY),
('act-0303-0303-0303-0303-000000000001', 'lk-0303-0303-0303-0303-000000000001', 'MACH-DOM-01', 'DNS Master', NOW() - INTERVAL 4 DAY),
('act-0404-0404-0404-0404-000000000001', 'lk-0404-0404-0404-0404-000000000001', 'MACH-COR-01', 'Mail Server', NOW() - INTERVAL 6 DAY),
('act-0505-0505-0505-0505-000000000001', 'lk-0505-0505-0505-0505-000000000001', 'MACH-BACK-01', 'Storage Node', NOW() - INTERVAL 1 DAY);

INSERT INTO license_activations (id, license_key, machine_id, first_seen, last_seen, revoked) VALUES
('la-0001-0001-0001-0001-000000000001', 'LIC-TECH001', 'MACH-TECH-01', '2025-01-10 08:00:00', '2025-03-25 14:30:00', FALSE),
('la-0001-0001-0001-0001-000000000002', 'LIC-TECH001', 'MACH-TECH-02', '2025-01-12 09:15:00', '2025-03-24 11:20:00', FALSE),
('la-0002-0002-0002-0002-000000000001', 'LIC-INNO001', 'MACH-INNO-01', '2024-12-01 10:00:00', '2025-03-26 08:45:00', FALSE),
('la-0002-0002-0002-0002-000000000002', 'LIC-INNO001', 'MACH-INNO-02', '2024-12-05 11:30:00', '2025-03-22 17:10:00', FALSE),
('la-0003-0003-0003-0003-000000000001', 'LIC-DATA001', 'MACH-DATA-01', '2025-01-20 07:45:00', '2025-03-20 09:00:00', TRUE),
('la-0004-0004-0004-0004-000000000001', 'LIC-GLOB001', 'MACH-GLOB-01', '2025-02-01 12:00:00', '2025-03-25 16:30:00', FALSE),
('la-0005-0005-0005-0005-000000000001', 'LIC-SERV001', 'MACH-SERV-01', '2025-01-05 14:20:00', '2025-03-10 10:15:00', FALSE),
('la-0006-0006-0006-0006-000000000001', 'LIC-CONS001', 'MACH-CONS-01', '2025-02-10 09:00:00', '2025-03-24 13:45:00', FALSE),
('la-0007-0007-0007-0007-000000000001', 'LIC-CLOUD001', 'MACH-CLOUD-01', '2024-12-15 08:30:00', '2025-03-26 18:20:00', FALSE),
('la-0007-0007-0007-0007-000000000002', 'LIC-CLOUD001', 'MACH-CLOUD-02', '2024-12-16 09:00:00', '2025-03-25 17:50:00', FALSE),
('la-0008-0008-0008-0008-000000000001', 'LIC-DEVOPS01', 'MACH-DEV-01', '2025-01-18 10:15:00', '2025-03-23 11:40:00', FALSE),
('la-0009-0009-0009-0009-000000000001', 'LIC-SEGU001', 'MACH-SEG-01', '2025-01-25 13:10:00', '2025-03-26 09:05:00', FALSE),
('la-000a-000a-000a-000a-000000000001', 'LIC-ANAL001', 'MACH-ANAL-01', '2024-11-10 16:45:00', '2025-03-24 12:30:00', FALSE),
('la-000b-000b-000b-000b-000000000001', 'LIC-REDES01', 'MACH-RED-01', '2025-02-20 08:00:00', '2025-03-15 14:00:00', TRUE),
('la-000c-000c-000c-000c-000000000001', 'LIC-MOVIL01', 'MACH-MOV-01', '2025-01-08 09:30:00', '2025-03-26 07:20:00', FALSE),
('la-000d-000d-000d-000d-000000000001', 'LIC-IA001', 'MACH-IA-01', '2024-12-01 10:00:00', '2025-03-25 22:10:00', FALSE),
('la-000e-000e-000e-000e-000000000001', 'LIC-BLOCK01', 'MACH-BLK-01', '2025-01-15 11:20:00', '2025-03-20 19:30:00', FALSE),
('la-000f-000f-000f-000f-000000000001', 'LIC-VR001', 'MACH-VR-01', '2025-02-05 14:50:00', '2025-03-22 16:15:00', FALSE),
('la-0011-0011-0011-0011-000000000001', 'LIC-ECOMM01', 'MACH-ECO-01', '2025-01-02 08:15:00', '2025-03-26 10:40:00', FALSE),
('la-0011-0011-0011-0011-000000000002', 'LIC-ECOMM01', 'MACH-ECO-02', '2025-01-03 09:45:00', '2025-03-25 15:25:00', FALSE),
('la-0022-0022-0022-0022-000000000001', 'LIC-MKT001', 'MACH-MKT-01', '2024-12-20 12:30:00', '2025-03-24 08:55:00', FALSE),
('la-0033-0033-0033-0033-000000000001', 'LIC-FINT01', 'MACH-FIN-01', '2025-01-28 07:00:00', '2025-03-26 09:30:00', FALSE),
('la-0044-0044-0044-0044-000000000001', 'LIC-LOG001', 'MACH-LOG-01', '2025-02-12 10:10:00', '2025-03-23 14:45:00', FALSE),
('la-0055-0055-0055-0055-000000000001', 'LIC-ENER01', 'MACH-ENE-01', '2025-01-19 13:25:00', '2025-03-21 11:10:00', TRUE),
('la-0066-0066-0066-0066-000000000001', 'LIC-BIO001', 'MACH-BIO-01', '2024-11-25 08:40:00', '2025-03-26 06:50:00', FALSE),
('la-0077-0077-0077-0077-000000000001', 'LIC-NANO01', 'MACH-NANO-01', '2025-01-07 15:30:00', '2025-03-25 18:30:00', FALSE),
('la-0088-0088-0088-0088-000000000001', 'LIC-ROB001', 'MACH-ROB-01', '2025-02-18 09:15:00', '2025-03-24 12:05:00', FALSE),
('la-0099-0099-0099-0099-000000000001', 'LIC-AUTO01', 'MACH-AUTO-01', '2025-01-30 14:00:00', '2025-03-26 08:20:00', FALSE),
('la-00aa-00aa-00aa-00aa-000000000001', 'LIC-CIBE01', 'MACH-CIB-01', '2024-12-10 11:00:00', '2025-03-26 16:40:00', FALSE),
('la-00bb-00bb-00bb-00bb-000000000001', 'LIC-CUAN01', 'MACH-CUAN-01', '2025-01-12 13:50:00', '2025-03-19 10:30:00', FALSE),
('la-00cc-00cc-00cc-00cc-000000000001', 'LIC-EDGE01', 'MACH-EDG-01', '2025-02-25 08:05:00', '2025-03-26 07:55:00', FALSE),
('la-00dd-00dd-00dd-00dd-000000000001', 'LIC-5G001', 'MACH-5G-01', '2025-01-22 16:20:00', '2025-03-24 19:15:00', FALSE),
('la-00ee-00ee-00ee-00ee-000000000001', 'LIC-IOT001', 'MACH-IOT-01', '2024-11-18 09:45:00', '2025-03-26 14:30:00', FALSE),
('la-00ff-00ff-00ff-00ff-000000000001', 'LIC-SMAR01', 'MACH-SMAR-01', '2025-02-03 10:30:00', '2025-03-22 12:50:00', FALSE),
('la-0101-0101-0101-0101-000000000001', 'LIC-DATA02', 'MACH-DATA2-01', '2025-02-14 11:15:00', '2025-03-18 15:20:00', TRUE),
('la-0202-0202-0202-0202-000000000001', 'LIC-HOST01', 'MACH-HOST-01', '2024-12-28 08:00:00', '2025-03-26 17:00:00', FALSE),
('la-0202-0202-0202-0202-000000000002', 'LIC-HOST01', 'MACH-HOST-02', '2024-12-29 09:30:00', '2025-03-25 18:45:00', FALSE),
('la-0303-0303-0303-0303-000000000001', 'LIC-DOMI01', 'MACH-DOM-01', '2025-01-05 12:40:00', '2025-03-26 11:15:00', FALSE),
('la-0404-0404-0404-0404-000000000001', 'LIC-CORP01', 'MACH-COR-01', '2025-01-15 14:55:00', '2025-03-24 09:40:00', FALSE),
('la-0505-0505-0505-0505-000000000001', 'LIC-BACK01', 'MACH-BACK-01', '2025-02-08 07:30:00', '2025-03-26 13:10:00', FALSE);

